campaign,run_id,timestamp,dataset,n_cells,n_genes,stored_values,tool,tool_label,workflow,rep,status,note,threads,budget_gb,with_umap,n_hvg,n_pcs,n_neighbors,resolution,min_genes,seed,wall_s,pipeline_s,load_s,qc_s,filter_cells_s,normalize_s,log1p_s,hvg_s,renormalize_s,pca_s,neighbors_s,leiden_s,umap_s,peak_footprint_gb,peak_rss_gb,peak_uss_gb,min_free_gb,cells_kept,genes_kept,clusters,storage,threads_used,cpu,ram_gb,os,version_python,version_polariseq,version_scanpy,version_anndata,version_numpy,version_scipy,version_pandas,version_numba,version_igraph,version_leidenalg,version_umap-learn,version_pynndescent,version_psutil,version_h5py
"laptop, every tool with UMAP (Polariseq default)",brain1000k__polariseq-ram__rep1__20261005T144350,2026-10-05T14:43:50,brain1000k,1000000,27998,2009685138,polariseq-ram,Polariseq (in-RAM),,1,exceeds_memory,"stopped when its footprint passed 12.9 GB, the campaign's limit (1.5x installed memory)",4,6.0,True,2000,50,15,1.0,200,0,13.351,,,,,,,,,,,,,12.904,1.064,,0.565,,,,,,Apple M2,8.59,Darwin 23.4.0,3.14.6,0.1.0b1,1.12.3,0.13.2,2.4.6,1.18.0,3.0.5,0.66.0,1.0.0,0.12.0,0.5.12,0.6.0,7.2.2,3.16.0
"laptop, every tool with UMAP (Polariseq default)",brain1000k__polariseq-spill__rep1__20261005T144410,2026-10-05T14:44:10,brain1000k,1000000,27998,2009685138,polariseq-spill,Polariseq (out-of-core),polariseq,1,ok,,4,6.0,True,2000,50,15,1.0,200,0,191.953,37.356,,,,,,,,,,,37.3559,3.045,2.042,1.725,1.465,989627,2000,34,spill,4,Apple M2,8.59,Darwin 23.4.0,3.14.6,0.1.0b1,1.12.3,0.13.2,2.4.6,1.18.0,3.0.5,0.66.0,1.0.0,0.12.0,0.5.12,0.6.0,7.2.2,3.16.0
"laptop, every tool with UMAP (Polariseq default)",brain1000k__polariseq-spill__rep2__20261005T144728,2026-10-05T14:47:28,brain1000k,1000000,27998,2009685138,polariseq-spill,Polariseq (out-of-core),polariseq,2,ok,,4,6.0,True,2000,50,15,1.0,200,0,191.67,35.408,,,,,,,,,,,35.4083,3.067,2.083,1.588,1.353,989627,2000,34,spill,4,Apple M2,8.59,Darwin 23.4.0,3.14.6,0.1.0b1,1.12.3,0.13.2,2.4.6,1.18.0,3.0.5,0.66.0,1.0.0,0.12.0,0.5.12,0.6.0,7.2.2,3.16.0
"laptop, every tool with UMAP (Polariseq default)",brain1000k__polariseq-spill__rep3__20261005T145047,2026-10-05T14:50:47,brain1000k,1000000,27998,2009685138,polariseq-spill,Polariseq (out-of-core),polariseq,3,ok,,4,6.0,True,2000,50,15,1.0,200,0,190.823,35.337,,,,,,,,,,,35.3373,3.099,1.983,1.581,1.293,989627,2000,34,spill,4,Apple M2,8.59,Darwin 23.4.0,3.14.6,0.1.0b1,1.12.3,0.13.2,2.4.6,1.18.0,3.0.5,0.66.0,1.0.0,0.12.0,0.5.12,0.6.0,7.2.2,3.16.0
"laptop, every tool with UMAP (Polariseq default)",brain100k__bpcells-native__rep1__20261005T213132,2026-10-05T21:31:32,brain100k,100000,27998,201050280,bpcells-native,"BPCells (native, disk-backed)",,1,ok,,4,6.0,True,2000,50,15,1.0,200,0,37.745,30.005,0.0239,0.3549,0.0031,0.0078,0.0006,0.2384,,2.1447,7.5907,1.0708,18.5702,0.774,1.518,0.127,2.994,98929,2000,26,bpcells,,Apple M2,8.59,Darwin 23.4.0,3.14.6,0.1.0b1,1.12.3,0.13.2,2.4.6,1.18.0,3.0.5,0.66.0,1.0.0,0.12.0,0.5.12,0.6.0,7.2.2,3.16.0
"laptop, every tool with UMAP (Polariseq default)",brain100k__bpcells-native__rep2__20261005T213834,2026-10-05T21:38:34,brain100k,100000,27998,201050280,bpcells-native,"BPCells (native, disk-backed)",,2,ok,,4,6.0,True,2000,50,15,1.0,200,0,37.76,30.025,0.0248,0.3554,0.0032,0.008,0.0006,0.2411,,2.1717,7.5514,1.0652,18.6032,0.782,1.528,0.128,2.977,98929,2000,25,bpcells,,Apple M2,8.59,Darwin 23.4.0,3.14.6,0.1.0b1,1.12.3,0.13.2,2.4.6,1.18.0,3.0.5,0.66.0,1.0.0,0.12.0,0.5.12,0.6.0,7.2.2,3.16.0
"laptop, every tool with UMAP (Polariseq default)",brain100k__bpcells-native__rep3__20261005T213913,2026-10-05T21:39:13,brain100k,100000,27998,201050280,bpcells-native,"BPCells (native, disk-backed)",,3,ok,,4,6.0,True,2000,50,15,1.0,200,0,37.503,30.012,0.0244,0.352,0.0036,0.0082,0.0007,0.2409,,2.1593,7.6088,1.0761,18.5379,0.686,1.575,0.122,2.971,98929,2000,26,bpcells,,Apple M2,8.59,Darwin 23.4.0,3.14.6,0.1.0b1,1.12.3,0.13.2,2.4.6,1.18.0,3.0.5,0.66.0,1.0.0,0.12.0,0.5.12,0.6.0,7.2.2,3.16.0
"laptop, every tool with UMAP (Polariseq default)",brain100k__polariseq-ram__rep1__20261005T140201,2026-10-05T14:02:01,brain100k,100000,27998,201050280,polariseq-ram,Polariseq (in-RAM),polariseq,1,ok,,4,6.0,True,2000,50,15,1.0,200,0,17.068,16.533,0.9281,0.2183,0.1897,0.0796,0.1741,0.7882,0.0723,4.2295,1.3787,0.5131,7.9613,1.972,1.742,1.687,1.382,98929,2000,32,ram,4,Apple M2,8.59,Darwin 23.4.0,3.14.6,0.1.0b1,1.12.3,0.13.2,2.4.6,1.18.0,3.0.5,0.66.0,1.0.0,0.12.0,0.5.12,0.6.0,7.2.2,3.16.0
"laptop, every tool with UMAP (Polariseq default)",brain100k__polariseq-ram__rep2__20261005T140311,2026-10-05T14:03:11,brain100k,100000,27998,201050280,polariseq-ram,Polariseq (in-RAM),polariseq,2,ok,,4,6.0,True,2000,50,15,1.0,200,0,16.152,15.594,1.0226,0.2381,0.2775,0.0764,0.1305,0.6219,0.067,4.168,1.1741,0.5288,7.2888,1.983,1.663,1.634,1.443,98929,2000,32,ram,4,Apple M2,8.59,Darwin 23.4.0,3.14.6,0.1.0b1,1.12.3,0.13.2,2.4.6,1.18.0,3.0.5,0.66.0,1.0.0,0.12.0,0.5.12,0.6.0,7.2.2,3.16.0
"laptop, every tool with UMAP (Polariseq default)",brain100k__polariseq-ram__rep3__20261005T140329,2026-10-05T14:03:29,brain100k,100000,27998,201050280,polariseq-ram,Polariseq (in-RAM),polariseq,3,ok,,4,6.0,True,2000,50,15,1.0,200,0,16.264,15.735,0.9166,0.2064,0.2225,0.1009,0.1401,0.6159,0.0693,4.3634,1.2529,0.51,7.3368,1.974,1.671,1.679,1.494,98929,2000,32,ram,4,Apple M2,8.59,Darwin 23.4.0,3.14.6,0.1.0b1,1.12.3,0.13.2,2.4.6,1.18.0,3.0.5,0.66.0,1.0.0,0.12.0,0.5.12,0.6.0,7.2.2,3.16.0
"laptop, every tool with UMAP (Polariseq default)",brain100k__polariseq-spill__rep1__20261005T140219,2026-10-05T14:02:19,brain100k,100000,27998,201050280,polariseq-spill,Polariseq (out-of-core),polariseq,1,ok,,4,6.0,True,2000,50,15,1.0,200,0,24.506,7.381,,,,,,,,,,,7.3808,2.259,1.293,1.241,1.186,98929,2000,36,spill,4,Apple M2,8.59,Darwin 23.4.0,3.14.6,0.1.0b1,1.12.3,0.13.2,2.4.6,1.18.0,3.0.5,0.66.0,1.0.0,0.12.0,0.5.12,0.6.0,7.2.2,3.16.0
"laptop, every tool with UMAP (Polariseq default)",brain100k__polariseq-spill__rep2__20261005T140245,2026-10-05T14:02:45,brain100k,100000,27998,201050280,polariseq-spill,Polariseq (out-of-core),polariseq,2,ok,,4,6.0,True,2000,50,15,1.0,200,0,23.832,7.513,,,,,,,,,,,7.5131,2.263,1.373,1.194,1.63,98929,2000,36,spill,4,Apple M2,8.59,Darwin 23.4.0,3.14.6,0.1.0b1,1.12.3,0.13.2,2.4.6,1.18.0,3.0.5,0.66.0,1.0.0,0.12.0,0.5.12,0.6.0,7.2.2,3.16.0
"laptop, every tool with UMAP (Polariseq default)",brain100k__polariseq-spill__rep3__20261005T140346,2026-10-05T14:03:46,brain100k,100000,27998,201050280,polariseq-spill,Polariseq (out-of-core),polariseq,3,ok,,4,6.0,True,2000,50,15,1.0,200,0,22.83,7.399,,,,,,,,,,,7.3985,2.224,1.429,1.26,1.421,98929,2000,36,spill,4,Apple M2,8.59,Darwin 23.4.0,3.14.6,0.1.0b1,1.12.3,0.13.2,2.4.6,1.18.0,3.0.5,0.66.0,1.0.0,0.12.0,0.5.12,0.6.0,7.2.2,3.16.0
"laptop, every tool with UMAP (Polariseq default)",brain100k__scanpy-tuned__rep1__20261005T183219,2026-10-05T18:32:19,brain100k,100000,27998,201050280,scanpy-tuned,scanpy (tuned),,1,ok,,4,6.0,True,2000,50,15,1.0,200,0,94.709,66.013,0.7214,2.8105,3.0659,0.3046,0.5556,2.2336,,4.0545,1.9891,2.3916,47.886,5.737,3.702,3.601,1.466,98929,2000,27,ram,,Apple M2,8.59,Darwin 23.4.0,3.14.6,0.1.0b1,1.12.3,0.13.2,2.4.6,1.18.0,3.0.5,0.66.0,1.0.0,0.12.0,0.5.12,0.6.0,7.2.2,3.16.0
"laptop, every tool with UMAP (Polariseq default)",brain100k__scanpy-tuned__rep2__20261005T183542,2026-10-05T18:35:42,brain100k,100000,27998,201050280,scanpy-tuned,scanpy (tuned),,2,ok,GATE NOT MET: available 3.11 GB < 5.08 GB,4,6.0,True,2000,50,15,1.0,200,0,95.527,65.846,0.7632,2.7666,3.0477,0.3005,0.5554,2.1123,,4.0505,1.9992,2.4062,47.8442,5.731,3.779,3.699,1.66,98929,2000,27,ram,,Apple M2,8.59,Darwin 23.4.0,3.14.6,0.1.0b1,1.12.3,0.13.2,2.4.6,1.18.0,3.0.5,0.66.0,1.0.0,0.12.0,0.5.12,0.6.0,7.2.2,3.16.0
"laptop, every tool with UMAP (Polariseq default)",brain100k__scanpy-tuned__rep3__20261005T190725,2026-10-05T19:07:25,brain100k,100000,27998,201050280,scanpy-tuned,scanpy (tuned),,3,ok,GATE NOT MET: available 3.05 GB < 5.08 GB,4,6.0,True,2000,50,15,1.0,200,0,94.381,65.932,0.8183,2.951,3.0194,0.2984,0.5443,2.1058,,4.0419,1.9766,2.4287,47.7476,5.745,3.787,3.702,1.326,98929,2000,27,ram,,Apple M2,8.59,Darwin 23.4.0,3.14.6,0.1.0b1,1.12.3,0.13.2,2.4.6,1.18.0,3.0.5,0.66.0,1.0.0,0.12.0,0.5.12,0.6.0,7.2.2,3.16.0
"laptop, every tool with UMAP (Polariseq default)",brain1306k__polariseq-ram__rep1__20261005T145403,2026-10-05T14:54:03,brain1306k,1306127,27998,2624828308,polariseq-ram,Polariseq (in-RAM),,1,exceeds_memory,"stopped when its footprint passed 12.9 GB, the campaign's limit (1.5x installed memory)",4,6.0,True,2000,50,15,1.0,200,0,14.953,,,,,,,,,,,,,13.188,0.929,,0.558,,,,,,Apple M2,8.59,Darwin 23.4.0,3.14.6,0.1.0b1,1.12.3,0.13.2,2.4.6,1.18.0,3.0.5,0.66.0,1.0.0,0.12.0,0.5.12,0.6.0,7.2.2,3.16.0
"laptop, every tool with UMAP (Polariseq default)",brain1306k__polariseq-spill__rep1__20261005T145426,2026-10-05T14:54:26,brain1306k,1306127,27998,2624828308,polariseq-spill,Polariseq (out-of-core),polariseq,1,ok,,4,6.0,True,2000,50,15,1.0,200,0,243.561,44.205,,,,,,,,,,,44.2053,3.83,2.478,1.945,1.408,1292537,2000,36,spill,4,Apple M2,8.59,Darwin 23.4.0,3.14.6,0.1.0b1,1.12.3,0.13.2,2.4.6,1.18.0,3.0.5,0.66.0,1.0.0,0.12.0,0.5.12,0.6.0,7.2.2,3.16.0
"laptop, every tool with UMAP (Polariseq default)",brain1306k__polariseq-spill__rep2__20261005T145838,2026-10-05T14:58:38,brain1306k,1306127,27998,2624828308,polariseq-spill,Polariseq (out-of-core),polariseq,2,ok,,4,6.0,True,2000,50,15,1.0,200,0,257.049,47.087,,,,,,,,,,,47.0866,3.853,2.221,1.891,1.254,1292537,2000,36,spill,4,Apple M2,8.59,Darwin 23.4.0,3.14.6,0.1.0b1,1.12.3,0.13.2,2.4.6,1.18.0,3.0.5,0.66.0,1.0.0,0.12.0,0.5.12,0.6.0,7.2.2,3.16.0
"laptop, every tool with UMAP (Polariseq default)",brain1306k__polariseq-spill__rep3__20261005T150302,2026-10-05T15:03:02,brain1306k,1306127,27998,2624828308,polariseq-spill,Polariseq (out-of-core),polariseq,3,ok,,4,6.0,True,2000,50,15,1.0,200,0,257.379,45.718,,,,,,,,,,,45.7177,3.862,2.194,1.597,1.241,1292537,2000,36,spill,4,Apple M2,8.59,Darwin 23.4.0,3.14.6,0.1.0b1,1.12.3,0.13.2,2.4.6,1.18.0,3.0.5,0.66.0,1.0.0,0.12.0,0.5.12,0.6.0,7.2.2,3.16.0
"laptop, every tool with UMAP (Polariseq default)",brain200k__bpcells-native__rep1__20261005T214708,2026-10-05T21:47:08,brain200k,200000,27998,401853182,bpcells-native,"BPCells (native, disk-backed)",,1,ok,,4,6.0,True,2000,50,15,1.0,200,0,87.4,72.155,0.0544,1.8492,0.0164,0.0545,0.0007,1.5318,,4.3546,20.4343,2.4067,41.4524,1.595,2.245,0.131,2.511,197901,2000,26,bpcells,,Apple M2,8.59,Darwin 23.4.0,3.14.6,0.1.0b1,1.12.3,0.13.2,2.4.6,1.18.0,3.0.5,0.66.0,1.0.0,0.12.0,0.5.12,0.6.0,7.2.2,3.16.0
"laptop, every tool with UMAP (Polariseq default)",brain200k__polariseq-ram__rep1__20261005T140411,2026-10-05T14:04:11,brain200k,200000,27998,401853182,polariseq-ram,Polariseq (in-RAM),polariseq,1,ok,,4,6.0,True,2000,50,15,1.0,200,0,31.918,31.329,2.0393,0.6784,0.9593,0.902,0.9502,2.4617,0.1438,8.6287,3.1035,1.2546,10.2074,3.841,2.123,2.117,1.018,197901,2000,35,ram,4,Apple M2,8.59,Darwin 23.4.0,3.14.6,0.1.0b1,1.12.3,0.13.2,2.4.6,1.18.0,3.0.5,0.66.0,1.0.0,0.12.0,0.5.12,0.6.0,7.2.2,3.16.0
"laptop, every tool with UMAP (Polariseq default)",brain200k__polariseq-ram__rep2__20261005T140608,2026-10-05T14:06:08,brain200k,200000,27998,401853182,polariseq-ram,Polariseq (in-RAM),polariseq,2,ok,,4,6.0,True,2000,50,15,1.0,200,0,29.368,28.77,1.8932,0.5803,0.9443,0.3575,0.3604,2.0136,0.1449,8.0285,3.077,1.159,10.2116,3.846,2.236,2.224,1.34,197901,2000,35,ram,4,Apple M2,8.59,Darwin 23.4.0,3.14.6,0.1.0b1,1.12.3,0.13.2,2.4.6,1.18.0,3.0.5,0.66.0,1.0.0,0.12.0,0.5.12,0.6.0,7.2.2,3.16.0
"laptop, every tool with UMAP (Polariseq default)",brain200k__polariseq-ram__rep3__20261005T140640,2026-10-05T14:06:40,brain200k,200000,27998,401853182,polariseq-ram,Polariseq (in-RAM),polariseq,3,ok,,4,6.0,True,2000,50,15,1.0,200,0,28.972,28.434,1.8601,0.6017,0.8951,0.348,0.2712,1.8033,0.1437,7.9626,3.0784,1.1784,10.2912,3.845,2.581,2.553,1.345,197901,2000,35,ram,4,Apple M2,8.59,Darwin 23.4.0,3.14.6,0.1.0b1,1.12.3,0.13.2,2.4.6,1.18.0,3.0.5,0.66.0,1.0.0,0.12.0,0.5.12,0.6.0,7.2.2,3.16.0
"laptop, every tool with UMAP (Polariseq default)",brain200k__polariseq-spill__rep1__20261005T140445,2026-10-05T14:04:45,brain200k,200000,27998,401853182,polariseq-spill,Polariseq (out-of-core),polariseq,1,ok,,4,6.0,True,2000,50,15,1.0,200,0,39.563,10.21,,,,,,,,,,,10.21,2.264,2.174,1.516,1.86,197901,2000,34,spill,4,Apple M2,8.59,Darwin 23.4.0,3.14.6,0.1.0b1,1.12.3,0.13.2,2.4.6,1.18.0,3.0.5,0.66.0,1.0.0,0.12.0,0.5.12,0.6.0,7.2.2,3.16.0
"laptop, every tool with UMAP (Polariseq default)",brain200k__polariseq-spill__rep2__20261005T140526,2026-10-05T14:05:26,brain200k,200000,27998,401853182,polariseq-spill,Polariseq (out-of-core),polariseq,2,ok,,4,6.0,True,2000,50,15,1.0,200,0,39.96,10.355,,,,,,,,,,,10.3553,2.22,2.056,1.607,1.841,197901,2000,34,spill,4,Apple M2,8.59,Darwin 23.4.0,3.14.6,0.1.0b1,1.12.3,0.13.2,2.4.6,1.18.0,3.0.5,0.66.0,1.0.0,0.12.0,0.5.12,0.6.0,7.2.2,3.16.0
"laptop, every tool with UMAP (Polariseq default)",brain200k__polariseq-spill__rep3__20261005T140711,2026-10-05T14:07:11,brain200k,200000,27998,401853182,polariseq-spill,Polariseq (out-of-core),polariseq,3,ok,,4,6.0,True,2000,50,15,1.0,200,0,40.594,10.515,,,,,,,,,,,10.5149,2.25,2.252,1.635,1.986,197901,2000,34,spill,4,Apple M2,8.59,Darwin 23.4.0,3.14.6,0.1.0b1,1.12.3,0.13.2,2.4.6,1.18.0,3.0.5,0.66.0,1.0.0,0.12.0,0.5.12,0.6.0,7.2.2,3.16.0
"laptop, every tool with UMAP (Polariseq default)",brain200k__scanpy-tuned__rep1__20261005T194052,2026-10-05T19:40:52,brain200k,200000,27998,401853182,scanpy-tuned,scanpy (tuned),,1,ok,,4,6.0,True,2000,50,15,1.0,200,0,177.208,148.174,1.4882,8.5692,14.423,1.5844,1.3229,6.1896,,8.362,4.2872,5.4597,96.4878,10.779,5.453,5.345,1.292,197901,2000,27,ram,,Apple M2,8.59,Darwin 23.4.0,3.14.6,0.1.0b1,1.12.3,0.13.2,2.4.6,1.18.0,3.0.5,0.66.0,1.0.0,0.12.0,0.5.12,0.6.0,7.2.2,3.16.0
"laptop, every tool with UMAP (Polariseq default)",brain200k__scanpy-tuned__rep2__20261005T195049,2026-10-05T19:50:49,brain200k,200000,27998,401853182,scanpy-tuned,scanpy (tuned),,2,ok,GATE NOT MET: available 3.08 GB < 4.64 GB,4,6.0,True,2000,50,15,1.0,200,0,181.081,152.192,1.485,8.7154,16.5754,3.9172,1.3059,6.0105,,8.3117,4.1975,5.095,96.5782,10.779,5.31,5.213,1.275,197901,2000,27,ram,,Apple M2,8.59,Darwin 23.4.0,3.14.6,0.1.0b1,1.12.3,0.13.2,2.4.6,1.18.0,3.0.5,0.66.0,1.0.0,0.12.0,0.5.12,0.6.0,7.2.2,3.16.0
"laptop, every tool with UMAP (Polariseq default)",brain200k__scanpy-tuned__rep3__20261005T202358,2026-10-05T20:23:58,brain200k,200000,27998,401853182,scanpy-tuned,scanpy (tuned),,3,ok,GATE NOT MET: available 3.37 GB < 4.64 GB,4,6.0,True,2000,50,15,1.0,200,0,173.829,144.987,1.5246,8.4015,12.1167,1.4874,1.3067,5.8127,,8.3367,4.3308,5.4086,96.2611,10.753,5.489,5.398,1.014,197901,2000,27,ram,,Apple M2,8.59,Darwin 23.4.0,3.14.6,0.1.0b1,1.12.3,0.13.2,2.4.6,1.18.0,3.0.5,0.66.0,1.0.0,0.12.0,0.5.12,0.6.0,7.2.2,3.16.0
"laptop, every tool with UMAP (Polariseq default)",brain300k__polariseq-ram__rep1__20261005T140753,2026-10-05T14:07:53,brain300k,300000,27998,602912005,polariseq-ram,Polariseq (in-RAM),polariseq,1,ok,,4,6.0,True,2000,50,15,1.0,200,0,47.126,46.456,3.5968,1.2391,1.7782,0.9258,0.7491,4.0237,0.2586,13.4656,5.0834,2.0073,13.3281,5.747,2.385,2.399,0.854,296853,2000,34,ram,4,Apple M2,8.59,Darwin 23.4.0,3.14.6,0.1.0b1,1.12.3,0.13.2,2.4.6,1.18.0,3.0.5,0.66.0,1.0.0,0.12.0,0.5.12,0.6.0,7.2.2,3.16.0
"laptop, every tool with UMAP (Polariseq default)",brain300k__polariseq-ram__rep2__20261005T141048,2026-10-05T14:10:48,brain300k,300000,27998,602912005,polariseq-ram,Polariseq (in-RAM),polariseq,2,ok,,4,6.0,True,2000,50,15,1.0,200,0,44.211,43.62,3.3804,1.028,1.5172,0.7539,0.631,3.33,0.265,12.155,5.0543,1.9282,13.5772,5.74,3.029,2.997,0.96,296853,2000,34,ram,4,Apple M2,8.59,Darwin 23.4.0,3.14.6,0.1.0b1,1.12.3,0.13.2,2.4.6,1.18.0,3.0.5,0.66.0,1.0.0,0.12.0,0.5.12,0.6.0,7.2.2,3.16.0
"laptop, every tool with UMAP (Polariseq default)",brain300k__polariseq-ram__rep3__20261005T141135,2026-10-05T14:11:35,brain300k,300000,27998,602912005,polariseq-ram,Polariseq (in-RAM),polariseq,3,ok,,4,6.0,True,2000,50,15,1.0,200,0,42.873,42.297,3.237,0.9526,1.5681,0.7474,0.6223,3.0321,0.2222,11.7147,5.044,1.9305,13.2263,5.746,3.336,3.351,1.31,296853,2000,34,ram,4,Apple M2,8.59,Darwin 23.4.0,3.14.6,0.1.0b1,1.12.3,0.13.2,2.4.6,1.18.0,3.0.5,0.66.0,1.0.0,0.12.0,0.5.12,0.6.0,7.2.2,3.16.0
"laptop, every tool with UMAP (Polariseq default)",brain300k__polariseq-spill__rep1__20261005T140843,2026-10-05T14:08:43,brain300k,300000,27998,602912005,polariseq-spill,Polariseq (out-of-core),polariseq,1,ok,,4,6.0,True,2000,50,15,1.0,200,0,61.291,14.173,,,,,,,,,,,14.1729,2.226,2.31,1.807,2.137,296853,2000,32,spill,4,Apple M2,8.59,Darwin 23.4.0,3.14.6,0.1.0b1,1.12.3,0.13.2,2.4.6,1.18.0,3.0.5,0.66.0,1.0.0,0.12.0,0.5.12,0.6.0,7.2.2,3.16.0
"laptop, every tool with UMAP (Polariseq default)",brain300k__polariseq-spill__rep2__20261005T140947,2026-10-05T14:09:47,brain300k,300000,27998,602912005,polariseq-spill,Polariseq (out-of-core),polariseq,2,ok,,4,6.0,True,2000,50,15,1.0,200,0,58.992,13.318,,,,,,,,,,,13.3176,2.188,1.989,1.54,1.888,296853,2000,32,spill,4,Apple M2,8.59,Darwin 23.4.0,3.14.6,0.1.0b1,1.12.3,0.13.2,2.4.6,1.18.0,3.0.5,0.66.0,1.0.0,0.12.0,0.5.12,0.6.0,7.2.2,3.16.0
"laptop, every tool with UMAP (Polariseq default)",brain300k__polariseq-spill__rep3__20261005T141220,2026-10-05T14:12:20,brain300k,300000,27998,602912005,polariseq-spill,Polariseq (out-of-core),polariseq,3,ok,,4,6.0,True,2000,50,15,1.0,200,0,61.931,15.489,,,,,,,,,,,15.4889,2.194,2.314,1.787,2.529,296853,2000,32,spill,4,Apple M2,8.59,Darwin 23.4.0,3.14.6,0.1.0b1,1.12.3,0.13.2,2.4.6,1.18.0,3.0.5,0.66.0,1.0.0,0.12.0,0.5.12,0.6.0,7.2.2,3.16.0
"laptop, every tool with UMAP (Polariseq default)",brain300k__scanpy-tuned__rep1__20261005T210323,2026-10-05T21:03:23,brain300k,300000,27998,602912005,scanpy-tuned,scanpy (tuned),,1,exceeds_memory,"stopped when its footprint passed 12.9 GB, the campaign's limit (1.5x installed memory)",4,6.0,True,2000,50,15,1.0,200,0,52.064,,,,,,,,,,,,,13.131,5.004,,1.282,,,,,,Apple M2,8.59,Darwin 23.4.0,3.14.6,0.1.0b1,1.12.3,0.13.2,2.4.6,1.18.0,3.0.5,0.66.0,1.0.0,0.12.0,0.5.12,0.6.0,7.2.2,3.16.0
"laptop, every tool with UMAP (Polariseq default)",brain400k__polariseq-ram__rep1__20261005T141325,2026-10-05T14:13:25,brain400k,400000,27998,803920843,polariseq-ram,Polariseq (in-RAM),polariseq,1,ok,,4,6.0,True,2000,50,15,1.0,200,0,69.517,68.788,4.4961,1.8642,11.0317,1.6653,0.8447,4.7138,0.2841,15.3661,7.667,2.7289,18.1257,7.62,3.09,3.099,0.654,395879,2000,36,ram,4,Apple M2,8.59,Darwin 23.4.0,3.14.6,0.1.0b1,1.12.3,0.13.2,2.4.6,1.18.0,3.0.5,0.66.0,1.0.0,0.12.0,0.5.12,0.6.0,7.2.2,3.16.0
"laptop, every tool with UMAP (Polariseq default)",brain400k__polariseq-ram__rep2__20261005T141719,2026-10-05T14:17:19,brain400k,400000,27998,803920843,polariseq-ram,Polariseq (in-RAM),polariseq,2,ok,,4,6.0,True,2000,50,15,1.0,200,0,59.652,59.026,4.4796,1.5305,2.3486,1.0937,0.8884,4.3791,0.2829,15.391,7.7364,2.7313,18.1645,7.618,3.495,3.495,0.763,395879,2000,36,ram,4,Apple M2,8.59,Darwin 23.4.0,3.14.6,0.1.0b1,1.12.3,0.13.2,2.4.6,1.18.0,3.0.5,0.66.0,1.0.0,0.12.0,0.5.12,0.6.0,7.2.2,3.16.0
"laptop, every tool with UMAP (Polariseq default)",brain400k__polariseq-ram__rep3__20261005T141821,2026-10-05T14:18:21,brain400k,400000,27998,803920843,polariseq-ram,Polariseq (in-RAM),polariseq,3,ok,,4,6.0,True,2000,50,15,1.0,200,0,67.604,66.984,4.9345,2.3758,8.5577,1.4327,0.8672,4.5104,0.2829,15.4155,7.7365,2.7136,18.157,7.612,3.629,3.62,1.165,395879,2000,36,ram,4,Apple M2,8.59,Darwin 23.4.0,3.14.6,0.1.0b1,1.12.3,0.13.2,2.4.6,1.18.0,3.0.5,0.66.0,1.0.0,0.12.0,0.5.12,0.6.0,7.2.2,3.16.0
"laptop, every tool with UMAP (Polariseq default)",brain400k__polariseq-spill__rep1__20261005T141437,2026-10-05T14:14:37,brain400k,400000,27998,803920843,polariseq-spill,Polariseq (out-of-core),polariseq,1,ok,,4,6.0,True,2000,50,15,1.0,200,0,77.673,17.269,,,,,,,,,,,17.2687,2.188,2.159,1.961,2.383,395879,2000,32,spill,4,Apple M2,8.59,Darwin 23.4.0,3.14.6,0.1.0b1,1.12.3,0.13.2,2.4.6,1.18.0,3.0.5,0.66.0,1.0.0,0.12.0,0.5.12,0.6.0,7.2.2,3.16.0
"laptop, every tool with UMAP (Polariseq default)",brain400k__polariseq-spill__rep2__20261005T141558,2026-10-05T14:15:58,brain400k,400000,27998,803920843,polariseq-spill,Polariseq (out-of-core),polariseq,2,ok,,4,6.0,True,2000,50,15,1.0,200,0,76.782,17.039,,,,,,,,,,,17.0394,2.112,2.232,1.826,2.238,395879,2000,32,spill,4,Apple M2,8.59,Darwin 23.4.0,3.14.6,0.1.0b1,1.12.3,0.13.2,2.4.6,1.18.0,3.0.5,0.66.0,1.0.0,0.12.0,0.5.12,0.6.0,7.2.2,3.16.0
"laptop, every tool with UMAP (Polariseq default)",brain400k__polariseq-spill__rep3__20261005T141932,2026-10-05T14:19:32,brain400k,400000,27998,803920843,polariseq-spill,Polariseq (out-of-core),polariseq,3,ok,,4,6.0,True,2000,50,15,1.0,200,0,80.279,17.735,,,,,,,,,,,17.735,2.175,2.274,1.947,2.44,395879,2000,32,spill,4,Apple M2,8.59,Darwin 23.4.0,3.14.6,0.1.0b1,1.12.3,0.13.2,2.4.6,1.18.0,3.0.5,0.66.0,1.0.0,0.12.0,0.5.12,0.6.0,7.2.2,3.16.0
"laptop, every tool with UMAP (Polariseq default)",brain50k__bpcells-native__rep1__20261005T211746,2026-10-05T21:17:46,brain50k,50000,27998,100488310,bpcells-native,"BPCells (native, disk-backed)",,1,ok,,4,6.0,True,2000,50,15,1.0,200,0,19.233,13.898,0.0124,0.1794,0.0017,0.0071,0.0007,0.1312,,1.1924,3.0526,0.4041,8.9161,0.491,1.198,0.111,3.188,49462,2000,27,bpcells,,Apple M2,8.59,Darwin 23.4.0,3.14.6,0.1.0b1,1.12.3,0.13.2,2.4.6,1.18.0,3.0.5,0.66.0,1.0.0,0.12.0,0.5.12,0.6.0,7.2.2,3.16.0
"laptop, every tool with UMAP (Polariseq default)",brain50k__bpcells-native__rep2__20261005T212501,2026-10-05T21:25:01,brain50k,50000,27998,100488310,bpcells-native,"BPCells (native, disk-backed)",,2,ok,,4,6.0,True,2000,50,15,1.0,200,0,18.693,13.744,0.0123,0.1805,0.0017,0.0073,0.0006,0.1306,,1.1856,3.0277,0.3989,8.7992,0.515,1.164,0.115,3.069,49462,2000,26,bpcells,,Apple M2,8.59,Darwin 23.4.0,3.14.6,0.1.0b1,1.12.3,0.13.2,2.4.6,1.18.0,3.0.5,0.66.0,1.0.0,0.12.0,0.5.12,0.6.0,7.2.2,3.16.0
"laptop, every tool with UMAP (Polariseq default)",brain50k__bpcells-native__rep3__20261005T212521,2026-10-05T21:25:21,brain50k,50000,27998,100488310,bpcells-native,"BPCells (native, disk-backed)",,3,ok,,4,6.0,True,2000,50,15,1.0,200,0,18.342,13.699,0.0127,0.1789,0.0018,0.0071,0.0007,0.1297,,1.1689,3.0202,0.3898,8.7887,0.509,1.185,0.112,3.031,49462,2000,25,bpcells,,Apple M2,8.59,Darwin 23.4.0,3.14.6,0.1.0b1,1.12.3,0.13.2,2.4.6,1.18.0,3.0.5,0.66.0,1.0.0,0.12.0,0.5.12,0.6.0,7.2.2,3.16.0
"laptop, every tool with UMAP (Polariseq default)",brain50k__polariseq-ram__rep1__20261005T140049,2026-10-05T14:00:49,brain50k,50000,27998,100488310,polariseq-ram,Polariseq (in-RAM),polariseq,1,ok,,4,6.0,True,2000,50,15,1.0,200,0,8.806,8.289,0.4011,0.1018,0.0703,0.0364,0.069,0.3738,0.0329,2.7581,0.4914,0.2279,3.7259,1.026,0.977,0.985,1.752,49462,2000,31,ram,4,Apple M2,8.59,Darwin 23.4.0,3.14.6,0.1.0b1,1.12.3,0.13.2,2.4.6,1.18.0,3.0.5,0.66.0,1.0.0,0.12.0,0.5.12,0.6.0,7.2.2,3.16.0
"laptop, every tool with UMAP (Polariseq default)",brain50k__polariseq-ram__rep2__20261005T140127,2026-10-05T14:01:27,brain50k,50000,27998,100488310,polariseq-ram,Polariseq (in-RAM),polariseq,2,ok,,4,6.0,True,2000,50,15,1.0,200,0,9.083,8.633,0.3293,0.1132,0.0732,0.0366,0.0657,0.3831,0.0328,2.975,0.4803,0.2292,3.9147,1.024,0.961,0.986,1.887,49462,2000,31,ram,4,Apple M2,8.59,Darwin 23.4.0,3.14.6,0.1.0b1,1.12.3,0.13.2,2.4.6,1.18.0,3.0.5,0.66.0,1.0.0,0.12.0,0.5.12,0.6.0,7.2.2,3.16.0
"laptop, every tool with UMAP (Polariseq default)",brain50k__polariseq-ram__rep3__20261005T140138,2026-10-05T14:01:38,brain50k,50000,27998,100488310,polariseq-ram,Polariseq (in-RAM),polariseq,3,ok,,4,6.0,True,2000,50,15,1.0,200,0,8.962,8.405,0.4058,0.0968,0.0713,0.0369,0.0688,0.3889,0.0318,2.7683,0.4814,0.223,3.8315,1.026,0.96,0.953,1.797,49462,2000,31,ram,4,Apple M2,8.59,Darwin 23.4.0,3.14.6,0.1.0b1,1.12.3,0.13.2,2.4.6,1.18.0,3.0.5,0.66.0,1.0.0,0.12.0,0.5.12,0.6.0,7.2.2,3.16.0
"laptop, every tool with UMAP (Polariseq default)",brain50k__polariseq-spill__rep1__20261005T140059,2026-10-05T14:00:59,brain50k,50000,27998,100488310,polariseq-spill,Polariseq (out-of-core),polariseq,1,ok,,4,6.0,True,2000,50,15,1.0,200,0,13.117,4.066,,,,,,,,,,,4.0661,2.184,1.567,1.33,1.459,49462,2000,30,spill,4,Apple M2,8.59,Darwin 23.4.0,3.14.6,0.1.0b1,1.12.3,0.13.2,2.4.6,1.18.0,3.0.5,0.66.0,1.0.0,0.12.0,0.5.12,0.6.0,7.2.2,3.16.0
"laptop, every tool with UMAP (Polariseq default)",brain50k__polariseq-spill__rep2__20261005T140114,2026-10-05T14:01:14,brain50k,50000,27998,100488310,polariseq-spill,Polariseq (out-of-core),polariseq,2,ok,,4,6.0,True,2000,50,15,1.0,200,0,12.404,3.873,,,,,,,,,,,3.8727,2.258,1.627,1.337,1.645,49462,2000,30,spill,4,Apple M2,8.59,Darwin 23.4.0,3.14.6,0.1.0b1,1.12.3,0.13.2,2.4.6,1.18.0,3.0.5,0.66.0,1.0.0,0.12.0,0.5.12,0.6.0,7.2.2,3.16.0
"laptop, every tool with UMAP (Polariseq default)",brain50k__polariseq-spill__rep3__20261005T140148,2026-10-05T14:01:48,brain50k,50000,27998,100488310,polariseq-spill,Polariseq (out-of-core),polariseq,3,ok,,4,6.0,True,2000,50,15,1.0,200,0,11.855,3.845,,,,,,,,,,,3.8455,2.249,1.531,1.408,1.642,49462,2000,30,spill,4,Apple M2,8.59,Darwin 23.4.0,3.14.6,0.1.0b1,1.12.3,0.13.2,2.4.6,1.18.0,3.0.5,0.66.0,1.0.0,0.12.0,0.5.12,0.6.0,7.2.2,3.16.0
"laptop, every tool with UMAP (Polariseq default)",brain50k__scanpy-tuned__rep1__20261005T182644,2026-10-05T18:26:44,brain50k,50000,27998,100488310,scanpy-tuned,scanpy (tuned),,1,ok,,4,6.0,True,2000,50,15,1.0,200,0,57.752,28.991,0.2409,1.2398,0.8934,0.1281,0.2551,0.8579,,2.0927,1.2538,1.0341,20.9949,3.096,2.716,2.528,2.741,49462,2000,26,ram,,Apple M2,8.59,Darwin 23.4.0,3.14.6,0.1.0b1,1.12.3,0.13.2,2.4.6,1.18.0,3.0.5,0.66.0,1.0.0,0.12.0,0.5.12,0.6.0,7.2.2,3.16.0
"laptop, every tool with UMAP (Polariseq default)",brain50k__scanpy-tuned__rep2__20261005T182903,2026-10-05T18:29:03,brain50k,50000,27998,100488310,scanpy-tuned,scanpy (tuned),,2,ok,,4,6.0,True,2000,50,15,1.0,200,0,57.479,28.989,0.2014,1.2867,0.8763,0.1308,0.2558,0.8547,,2.0937,1.2558,1.0659,20.9675,3.179,2.597,2.474,2.415,49462,2000,26,ram,,Apple M2,8.59,Darwin 23.4.0,3.14.6,0.1.0b1,1.12.3,0.13.2,2.4.6,1.18.0,3.0.5,0.66.0,1.0.0,0.12.0,0.5.12,0.6.0,7.2.2,3.16.0
"laptop, every tool with UMAP (Polariseq default)",brain50k__scanpy-tuned__rep3__20261005T183001,2026-10-05T18:30:01,brain50k,50000,27998,100488310,scanpy-tuned,scanpy (tuned),,3,ok,,4,6.0,True,2000,50,15,1.0,200,0,57.151,29.009,0.1901,1.2326,0.8929,0.1312,0.2547,0.8406,,2.1377,1.2327,1.0579,21.0381,3.184,2.585,2.397,2.374,49462,2000,26,ram,,Apple M2,8.59,Darwin 23.4.0,3.14.6,0.1.0b1,1.12.3,0.13.2,2.4.6,1.18.0,3.0.5,0.66.0,1.0.0,0.12.0,0.5.12,0.6.0,7.2.2,3.16.0
"laptop, every tool with UMAP (Polariseq default)",brain600k__polariseq-ram__rep1__20261005T142056,2026-10-05T14:20:56,brain600k,600000,27998,1205611786,polariseq-ram,Polariseq (in-RAM),polariseq,1,ok,,4,6.0,True,2000,50,15,1.0,200,0,158.167,157.483,10.5961,10.869,47.6939,8.5467,1.5373,18.1013,0.601,22.2298,11.1106,4.4395,21.7576,11.373,2.9,2.897,0.586,593766,2000,35,ram,4,Apple M2,8.59,Darwin 23.4.0,3.14.6,0.1.0b1,1.12.3,0.13.2,2.4.6,1.18.0,3.0.5,0.66.0,1.0.0,0.12.0,0.5.12,0.6.0,7.2.2,3.16.0
"laptop, every tool with UMAP (Polariseq default)",brain600k__polariseq-ram__rep2__20261005T142743,2026-10-05T14:27:43,brain600k,600000,27998,1205611786,polariseq-ram,Polariseq (in-RAM),polariseq,2,ok,,4,6.0,True,2000,50,15,1.0,200,0,170.8,169.989,10.1012,12.5909,46.8031,8.5857,1.9032,29.069,0.7401,22.3386,11.2039,4.4782,22.1747,11.365,2.429,2.302,0.569,593766,2000,35,ram,4,Apple M2,8.59,Darwin 23.4.0,3.14.6,0.1.0b1,1.12.3,0.13.2,2.4.6,1.18.0,3.0.5,0.66.0,1.0.0,0.12.0,0.5.12,0.6.0,7.2.2,3.16.0
"laptop, every tool with UMAP (Polariseq default)",brain600k__polariseq-ram__rep3__20261005T143038,2026-10-05T14:30:38,brain600k,600000,27998,1205611786,polariseq-ram,Polariseq (in-RAM),polariseq,3,ok,,4,6.0,True,2000,50,15,1.0,200,0,164.22,163.37,11.2746,11.5299,47.3336,6.0594,1.8259,25.3952,0.6271,22.0229,11.1432,4.2853,21.8734,11.37,2.739,2.158,0.565,593766,2000,35,ram,4,Apple M2,8.59,Darwin 23.4.0,3.14.6,0.1.0b1,1.12.3,0.13.2,2.4.6,1.18.0,3.0.5,0.66.0,1.0.0,0.12.0,0.5.12,0.6.0,7.2.2,3.16.0
"laptop, every tool with UMAP (Polariseq default)",brain600k__polariseq-spill__rep1__20261005T142338,2026-10-05T14:23:38,brain600k,600000,27998,1205611786,polariseq-spill,Polariseq (out-of-core),polariseq,1,ok,,4,6.0,True,2000,50,15,1.0,200,0,115.775,24.067,,,,,,,,,,,24.0671,2.287,2.218,1.815,1.721,593766,2000,37,spill,4,Apple M2,8.59,Darwin 23.4.0,3.14.6,0.1.0b1,1.12.3,0.13.2,2.4.6,1.18.0,3.0.5,0.66.0,1.0.0,0.12.0,0.5.12,0.6.0,7.2.2,3.16.0
"laptop, every tool with UMAP (Polariseq default)",brain600k__polariseq-spill__rep2__20261005T142538,2026-10-05T14:25:38,brain600k,600000,27998,1205611786,polariseq-spill,Polariseq (out-of-core),polariseq,2,ok,,4,6.0,True,2000,50,15,1.0,200,0,121.028,25.582,,,,,,,,,,,25.5825,2.17,1.873,1.53,1.752,593766,2000,37,spill,4,Apple M2,8.59,Darwin 23.4.0,3.14.6,0.1.0b1,1.12.3,0.13.2,2.4.6,1.18.0,3.0.5,0.66.0,1.0.0,0.12.0,0.5.12,0.6.0,7.2.2,3.16.0
"laptop, every tool with UMAP (Polariseq default)",brain600k__polariseq-spill__rep3__20261005T143326,2026-10-05T14:33:26,brain600k,600000,27998,1205611786,polariseq-spill,Polariseq (out-of-core),polariseq,3,ok,,4,6.0,True,2000,50,15,1.0,200,0,110.766,22.263,,,,,,,,,,,22.2626,2.307,2.229,1.707,2.132,593766,2000,37,spill,4,Apple M2,8.59,Darwin 23.4.0,3.14.6,0.1.0b1,1.12.3,0.13.2,2.4.6,1.18.0,3.0.5,0.66.0,1.0.0,0.12.0,0.5.12,0.6.0,7.2.2,3.16.0
"laptop, every tool with UMAP (Polariseq default)",brain800k__polariseq-ram__rep1__20261005T143521,2026-10-05T14:35:21,brain800k,800000,27998,1607496131,polariseq-ram,Polariseq (in-RAM),,1,exceeds_memory,"stopped when its footprint passed 12.9 GB, the campaign's limit (1.5x installed memory)",4,6.0,True,2000,50,15,1.0,200,0,11.797,,,,,,,,,,,,,12.884,0.881,,0.557,,,,,,Apple M2,8.59,Darwin 23.4.0,3.14.6,0.1.0b1,1.12.3,0.13.2,2.4.6,1.18.0,3.0.5,0.66.0,1.0.0,0.12.0,0.5.12,0.6.0,7.2.2,3.16.0
"laptop, every tool with UMAP (Polariseq default)",brain800k__polariseq-spill__rep1__20261005T143538,2026-10-05T14:35:38,brain800k,800000,27998,1607496131,polariseq-spill,Polariseq (out-of-core),polariseq,1,ok,,4,6.0,True,2000,50,15,1.0,200,0,160.884,34.457,,,,,,,,,,,34.4569,2.517,2.142,1.691,1.519,791711,2000,36,spill,4,Apple M2,8.59,Darwin 23.4.0,3.14.6,0.1.0b1,1.12.3,0.13.2,2.4.6,1.18.0,3.0.5,0.66.0,1.0.0,0.12.0,0.5.12,0.6.0,7.2.2,3.16.0
"laptop, every tool with UMAP (Polariseq default)",brain800k__polariseq-spill__rep2__20261005T143824,2026-10-05T14:38:24,brain800k,800000,27998,1607496131,polariseq-spill,Polariseq (out-of-core),polariseq,2,ok,,4,6.0,True,2000,50,15,1.0,200,0,160.807,30.644,,,,,,,,,,,30.6443,2.536,1.887,1.574,1.482,791711,2000,36,spill,4,Apple M2,8.59,Darwin 23.4.0,3.14.6,0.1.0b1,1.12.3,0.13.2,2.4.6,1.18.0,3.0.5,0.66.0,1.0.0,0.12.0,0.5.12,0.6.0,7.2.2,3.16.0
"laptop, every tool with UMAP (Polariseq default)",brain800k__polariseq-spill__rep3__20261005T144110,2026-10-05T14:41:10,brain800k,800000,27998,1607496131,polariseq-spill,Polariseq (out-of-core),polariseq,3,ok,,4,6.0,True,2000,50,15,1.0,200,0,155.512,29.46,,,,,,,,,,,29.4596,2.555,1.869,1.525,1.442,791711,2000,36,spill,4,Apple M2,8.59,Darwin 23.4.0,3.14.6,0.1.0b1,1.12.3,0.13.2,2.4.6,1.18.0,3.0.5,0.66.0,1.0.0,0.12.0,0.5.12,0.6.0,7.2.2,3.16.0
"laptop, every tool with UMAP (Polariseq default)",fetal1000k__polariseq-ram__rep1__20261005T155322,2026-10-05T15:53:22,fetal1000k,1000000,63561,647386786,polariseq-ram,Polariseq (in-RAM),polariseq,1,ok,,4,6.0,True,2000,50,15,1.0,200,0,88.637,87.88,14.4938,1.4303,2.0676,0.787,0.6432,3.0895,0.1677,5.994,18.6209,7.4292,33.1566,6.042,3.635,3.596,1.299,984454,2000,40,ram,4,Apple M2,8.59,Darwin 23.4.0,3.14.6,0.1.0b1,1.12.3,0.13.2,2.4.6,1.18.0,3.0.5,0.66.0,1.0.0,0.12.0,0.5.12,0.6.0,7.2.2,3.16.0
"laptop, every tool with UMAP (Polariseq default)",fetal1000k__polariseq-ram__rep2__20261005T155453,2026-10-05T15:54:53,fetal1000k,1000000,63561,647386786,polariseq-ram,Polariseq (in-RAM),polariseq,2,ok,,4,6.0,True,2000,50,15,1.0,200,0,94.948,93.764,14.4792,1.4415,2.6403,1.1952,1.0874,4.7317,0.1695,6.1036,19.498,7.4325,34.9847,6.032,2.429,2.163,1.209,984454,2000,40,ram,4,Apple M2,8.59,Darwin 23.4.0,3.14.6,0.1.0b1,1.12.3,0.13.2,2.4.6,1.18.0,3.0.5,0.66.0,1.0.0,0.12.0,0.5.12,0.6.0,7.2.2,3.16.0
"laptop, every tool with UMAP (Polariseq default)",fetal1000k__polariseq-ram__rep3__20261005T155629,2026-10-05T15:56:29,fetal1000k,1000000,63561,647386786,polariseq-ram,Polariseq (in-RAM),polariseq,3,ok,,4,6.0,True,2000,50,15,1.0,200,0,95.973,95.215,14.5144,1.3877,2.0751,0.808,0.5672,2.8946,0.1674,5.8695,21.1373,7.3904,38.4034,6.036,3.668,3.684,1.29,984454,2000,40,ram,4,Apple M2,8.59,Darwin 23.4.0,3.14.6,0.1.0b1,1.12.3,0.13.2,2.4.6,1.18.0,3.0.5,0.66.0,1.0.0,0.12.0,0.5.12,0.6.0,7.2.2,3.16.0
"laptop, every tool with UMAP (Polariseq default)",fetal1000k__polariseq-spill__rep1__20261005T150801,2026-10-05T15:08:01,fetal1000k,1000000,63561,647386786,polariseq-spill,Polariseq (out-of-core),polariseq,1,ok,,4,6.0,True,2000,50,15,1.0,200,0,103.952,33.41,,,,,,,,,,,33.4101,2.097,2.19,1.474,2.207,984454,2000,40,spill,4,Apple M2,8.59,Darwin 23.4.0,3.14.6,0.1.0b1,1.12.3,0.13.2,2.4.6,1.18.0,3.0.5,0.66.0,1.0.0,0.12.0,0.5.12,0.6.0,7.2.2,3.16.0
"laptop, every tool with UMAP (Polariseq default)",fetal1000k__polariseq-spill__rep2__20261005T150946,2026-10-05T15:09:46,fetal1000k,1000000,63561,647386786,polariseq-spill,Polariseq (out-of-core),polariseq,2,ok,,4,6.0,True,2000,50,15,1.0,200,0,103.69,33.837,,,,,,,,,,,33.8369,2.125,2.174,1.497,2.007,984454,2000,40,spill,4,Apple M2,8.59,Darwin 23.4.0,3.14.6,0.1.0b1,1.12.3,0.13.2,2.4.6,1.18.0,3.0.5,0.66.0,1.0.0,0.12.0,0.5.12,0.6.0,7.2.2,3.16.0
"laptop, every tool with UMAP (Polariseq default)",fetal1000k__polariseq-spill__rep3__20261005T151132,2026-10-05T15:11:32,fetal1000k,1000000,63561,647386786,polariseq-spill,Polariseq (out-of-core),polariseq,3,ok,,4,6.0,True,2000,50,15,1.0,200,0,104.434,33.722,,,,,,,,,,,33.7221,2.235,2.024,1.538,2.012,984454,2000,40,spill,4,Apple M2,8.59,Darwin 23.4.0,3.14.6,0.1.0b1,1.12.3,0.13.2,2.4.6,1.18.0,3.0.5,0.66.0,1.0.0,0.12.0,0.5.12,0.6.0,7.2.2,3.16.0
"laptop, every tool with UMAP (Polariseq default)",fetal1000k__scanpy-tuned__rep1__20261005T211017,2026-10-05T21:10:17,fetal1000k,1000000,63561,647386786,scanpy-tuned,scanpy (tuned),,1,exceeds_memory,"stopped when its footprint passed 12.9 GB, the campaign's limit (1.5x installed memory)",4,6.0,True,2000,50,15,1.0,200,0,62.022,,,,,,,,,,,,,13.112,5.227,,1.295,,,,,,Apple M2,8.59,Darwin 23.4.0,3.14.6,0.1.0b1,1.12.3,0.13.2,2.4.6,1.18.0,3.0.5,0.66.0,1.0.0,0.12.0,0.5.12,0.6.0,7.2.2,3.16.0
"laptop, every tool with UMAP (Polariseq default)",fetal2000k__polariseq-ram__rep1__20261005T155807,2026-10-05T15:58:07,fetal2000k,2000000,63561,1295253205,polariseq-ram,Polariseq (in-RAM),polariseq,1,ok,,4,6.0,True,2000,50,15,1.0,200,0,290.914,289.773,29.267,14.1919,64.1978,8.5084,1.7509,29.9351,0.5755,11.3816,46.6073,18.9553,64.4018,11.973,2.952,2.789,0.686,1969168,2000,39,ram,4,Apple M2,8.59,Darwin 23.4.0,3.14.6,0.1.0b1,1.12.3,0.13.2,2.4.6,1.18.0,3.0.5,0.66.0,1.0.0,0.12.0,0.5.12,0.6.0,7.2.2,3.16.0
"laptop, every tool with UMAP (Polariseq default)",fetal2000k__polariseq-ram__rep2__20261005T160300,2026-10-05T16:03:00,fetal2000k,2000000,63561,1295253205,polariseq-ram,Polariseq (in-RAM),polariseq,2,ok,,4,6.0,True,2000,50,15,1.0,200,0,266.896,265.558,29.4601,14.4021,39.6642,7.3185,1.7662,29.1484,0.4896,11.3257,44.9115,18.5307,68.5413,11.974,3.328,2.543,0.978,1969168,2000,39,ram,4,Apple M2,8.59,Darwin 23.4.0,3.14.6,0.1.0b1,1.12.3,0.13.2,2.4.6,1.18.0,3.0.5,0.66.0,1.0.0,0.12.0,0.5.12,0.6.0,7.2.2,3.16.0
"laptop, every tool with UMAP (Polariseq default)",fetal2000k__polariseq-ram__rep3__20261005T160729,2026-10-05T16:07:29,fetal2000k,2000000,63561,1295253205,polariseq-ram,Polariseq (in-RAM),polariseq,3,ok,,4,6.0,True,2000,50,15,1.0,200,0,325.183,323.88,29.1573,14.0424,64.5655,19.4689,2.3972,49.421,0.6541,12.9751,48.6695,18.2981,64.2306,11.972,2.123,2.225,0.655,1969168,2000,39,ram,4,Apple M2,8.59,Darwin 23.4.0,3.14.6,0.1.0b1,1.12.3,0.13.2,2.4.6,1.18.0,3.0.5,0.66.0,1.0.0,0.12.0,0.5.12,0.6.0,7.2.2,3.16.0
"laptop, every tool with UMAP (Polariseq default)",fetal2000k__polariseq-spill__rep1__20261005T151318,2026-10-05T15:13:18,fetal2000k,2000000,63561,1295253205,polariseq-spill,Polariseq (out-of-core),polariseq,1,ok,,4,6.0,True,2000,50,15,1.0,200,0,225.598,74.673,,,,,,,,,,,74.6731,3.548,2.461,1.993,1.285,1969168,2000,42,spill,4,Apple M2,8.59,Darwin 23.4.0,3.14.6,0.1.0b1,1.12.3,0.13.2,2.4.6,1.18.0,3.0.5,0.66.0,1.0.0,0.12.0,0.5.12,0.6.0,7.2.2,3.16.0
"laptop, every tool with UMAP (Polariseq default)",fetal2000k__polariseq-spill__rep2__20261005T151705,2026-10-05T15:17:05,fetal2000k,2000000,63561,1295253205,polariseq-spill,Polariseq (out-of-core),polariseq,2,ok,,4,6.0,True,2000,50,15,1.0,200,0,221.741,69.778,,,,,,,,,,,69.7777,3.55,2.374,1.993,1.581,1969168,2000,42,spill,4,Apple M2,8.59,Darwin 23.4.0,3.14.6,0.1.0b1,1.12.3,0.13.2,2.4.6,1.18.0,3.0.5,0.66.0,1.0.0,0.12.0,0.5.12,0.6.0,7.2.2,3.16.0
"laptop, every tool with UMAP (Polariseq default)",fetal2000k__polariseq-spill__rep3__20261005T152049,2026-10-05T15:20:49,fetal2000k,2000000,63561,1295253205,polariseq-spill,Polariseq (out-of-core),polariseq,3,ok,,4,6.0,True,2000,50,15,1.0,200,0,212.67,63.822,,,,,,,,,,,63.8225,3.551,2.747,2.159,1.563,1969168,2000,42,spill,4,Apple M2,8.59,Darwin 23.4.0,3.14.6,0.1.0b1,1.12.3,0.13.2,2.4.6,1.18.0,3.0.5,0.66.0,1.0.0,0.12.0,0.5.12,0.6.0,7.2.2,3.16.0
"laptop, every tool with UMAP (Polariseq default)",fetal4062k__polariseq-spill__rep1__20261005T152445,2026-10-05T15:24:45,fetal4062k,4062980,63561,2631157163,polariseq-spill,Polariseq (out-of-core),polariseq,1,ok,,4,6.0,True,2000,50,15,1.0,200,0,547.544,182.776,,,,,,,,,,,182.7757,6.989,2.864,2.898,1.256,4000604,2000,43,spill,4,Apple M2,8.59,Darwin 23.4.0,3.14.6,0.1.0b1,1.12.3,0.13.2,2.4.6,1.18.0,3.0.5,0.66.0,1.0.0,0.12.0,0.5.12,0.6.0,7.2.2,3.16.0
"laptop, every tool with UMAP (Polariseq default)",fetal4062k__polariseq-spill__rep2__20261005T153356,2026-10-05T15:33:56,fetal4062k,4062980,63561,2631157163,polariseq-spill,Polariseq (out-of-core),polariseq,2,ok,,4,6.0,True,2000,50,15,1.0,200,0,570.415,183.176,,,,,,,,,,,183.1756,6.967,2.974,2.958,1.274,4000604,2000,43,spill,4,Apple M2,8.59,Darwin 23.4.0,3.14.6,0.1.0b1,1.12.3,0.13.2,2.4.6,1.18.0,3.0.5,0.66.0,1.0.0,0.12.0,0.5.12,0.6.0,7.2.2,3.16.0
"laptop, every tool with UMAP (Polariseq default)",fetal4062k__polariseq-spill__rep3__20261005T154332,2026-10-05T15:43:32,fetal4062k,4062980,63561,2631157163,polariseq-spill,Polariseq (out-of-core),polariseq,3,ok,,4,6.0,True,2000,50,15,1.0,200,0,553.918,192.151,,,,,,,,,,,192.1514,6.972,2.953,2.942,1.269,4000604,2000,43,spill,4,Apple M2,8.59,Darwin 23.4.0,3.14.6,0.1.0b1,1.12.3,0.13.2,2.4.6,1.18.0,3.0.5,0.66.0,1.0.0,0.12.0,0.5.12,0.6.0,7.2.2,3.16.0
"laptop, every tool with UMAP (Polariseq default)",neuron10k__bpcells-native__rep1__20261005T180939,2026-10-05T18:09:39,neuron10k,11843,31053,31522268,bpcells-native,"BPCells (native, disk-backed)",,1,ok,,4,6.0,True,2000,50,15,1.0,200,0,6.283,3.471,0.0067,0.0765,0.001,0.0029,0.0006,0.0648,,0.4162,0.5601,0.0851,2.2574,0.358,0.674,0.107,2.509,11648,2000,23,bpcells,,Apple M2,8.59,Darwin 23.4.0,3.14.6,0.1.0b1,1.12.3,0.13.2,2.4.6,1.18.0,3.0.5,0.66.0,1.0.0,0.12.0,0.5.12,0.6.0,7.2.2,3.16.0
"laptop, every tool with UMAP (Polariseq default)",neuron10k__bpcells-native__rep2__20261005T181108,2026-10-05T18:11:08,neuron10k,11843,31053,31522268,bpcells-native,"BPCells (native, disk-backed)",,2,ok,,4,6.0,True,2000,50,15,1.0,200,0,6.197,3.49,0.0063,0.0764,0.001,0.0028,0.0006,0.0647,,0.4272,0.5586,0.0808,2.2716,0.344,0.666,0.106,2.443,11648,2000,22,bpcells,,Apple M2,8.59,Darwin 23.4.0,3.14.6,0.1.0b1,1.12.3,0.13.2,2.4.6,1.18.0,3.0.5,0.66.0,1.0.0,0.12.0,0.5.12,0.6.0,7.2.2,3.16.0
"laptop, every tool with UMAP (Polariseq default)",neuron10k__bpcells-native__rep3__20261005T181220,2026-10-05T18:12:20,neuron10k,11843,31053,31522268,bpcells-native,"BPCells (native, disk-backed)",,3,ok,,4,6.0,True,2000,50,15,1.0,200,0,6.485,3.487,0.0066,0.0702,0.0009,0.0026,0.0006,0.0627,,0.4205,0.563,0.0888,2.2716,0.362,0.666,0.11,2.247,11648,2000,21,bpcells,,Apple M2,8.59,Darwin 23.4.0,3.14.6,0.1.0b1,1.12.3,0.13.2,2.4.6,1.18.0,3.0.5,0.66.0,1.0.0,0.12.0,0.5.12,0.6.0,7.2.2,3.16.0
"laptop, every tool with UMAP (Polariseq default)",neuron10k__polariseq-ram__rep1__20261005T135800,2026-10-05T13:58:00,neuron10k,11843,31053,31522268,polariseq-ram,Polariseq (in-RAM),polariseq,1,ok,,4,6.0,True,2000,50,15,1.0,200,0,2.863,2.512,0.122,0.0222,0.0192,0.0112,0.0218,0.2139,0.0103,1.2577,0.1271,0.0379,0.6689,0.376,0.438,0.365,1.722,11648,2000,27,ram,4,Apple M2,8.59,Darwin 23.4.0,3.14.6,0.1.0b1,1.12.3,0.13.2,2.4.6,1.18.0,3.0.5,0.66.0,1.0.0,0.12.0,0.5.12,0.6.0,7.2.2,3.16.0
"laptop, every tool with UMAP (Polariseq default)",neuron10k__polariseq-ram__rep2__20261005T135814,2026-10-05T13:58:14,neuron10k,11843,31053,31522268,polariseq-ram,Polariseq (in-RAM),polariseq,2,ok,,4,6.0,True,2000,50,15,1.0,200,0,2.768,2.426,0.0879,0.0209,0.0196,0.011,0.0222,0.1796,0.0112,1.2471,0.1175,0.0381,0.6711,0.373,0.655,0.355,1.698,11648,2000,27,ram,4,Apple M2,8.59,Darwin 23.4.0,3.14.6,0.1.0b1,1.12.3,0.13.2,2.4.6,1.18.0,3.0.5,0.66.0,1.0.0,0.12.0,0.5.12,0.6.0,7.2.2,3.16.0
"laptop, every tool with UMAP (Polariseq default)",neuron10k__polariseq-ram__rep3__20261005T135818,2026-10-05T13:58:18,neuron10k,11843,31053,31522268,polariseq-ram,Polariseq (in-RAM),polariseq,3,ok,,4,6.0,True,2000,50,15,1.0,200,0,2.745,2.4,0.0873,0.0204,0.0204,0.0107,0.0207,0.1695,0.0103,1.2395,0.1191,0.0385,0.6633,0.376,0.644,0.374,1.703,11648,2000,27,ram,4,Apple M2,8.59,Darwin 23.4.0,3.14.6,0.1.0b1,1.12.3,0.13.2,2.4.6,1.18.0,3.0.5,0.66.0,1.0.0,0.12.0,0.5.12,0.6.0,7.2.2,3.16.0
"laptop, every tool with UMAP (Polariseq default)",neuron10k__polariseq-ram__rep4__20261005T135833,2026-10-05T13:58:33,neuron10k,11843,31053,31522268,polariseq-ram,Polariseq (in-RAM),polariseq,4,ok,,4,6.0,True,2000,50,15,1.0,200,0,2.805,2.453,0.0885,0.0208,0.0193,0.011,0.0215,0.1747,0.0109,1.2833,0.119,0.0387,0.6652,0.372,0.622,0.353,1.636,11648,2000,27,ram,4,Apple M2,8.59,Darwin 23.4.0,3.14.6,0.1.0b1,1.12.3,0.13.2,2.4.6,1.18.0,3.0.5,0.66.0,1.0.0,0.12.0,0.5.12,0.6.0,7.2.2,3.16.0
"laptop, every tool with UMAP (Polariseq default)",neuron10k__polariseq-ram__rep5__20261005T135837,2026-10-05T13:58:37,neuron10k,11843,31053,31522268,polariseq-ram,Polariseq (in-RAM),polariseq,5,ok,,4,6.0,True,2000,50,15,1.0,200,0,2.82,2.471,0.0874,0.0208,0.0195,0.011,0.0213,0.1811,0.0108,1.2892,0.1187,0.0387,0.6724,0.383,0.623,0.382,1.613,11648,2000,27,ram,4,Apple M2,8.59,Darwin 23.4.0,3.14.6,0.1.0b1,1.12.3,0.13.2,2.4.6,1.18.0,3.0.5,0.66.0,1.0.0,0.12.0,0.5.12,0.6.0,7.2.2,3.16.0
"laptop, every tool with UMAP (Polariseq default)",neuron10k__polariseq-spill__rep1__20261005T135804,2026-10-05T13:58:04,neuron10k,11843,31053,31522268,polariseq-spill,Polariseq (out-of-core),polariseq,1,ok,,4,6.0,True,2000,50,15,1.0,200,0,4.195,0.67,,,,,,,,,,,0.6698,0.567,0.88,0.5,1.548,11648,2000,27,spill,4,Apple M2,8.59,Darwin 23.4.0,3.14.6,0.1.0b1,1.12.3,0.13.2,2.4.6,1.18.0,3.0.5,0.66.0,1.0.0,0.12.0,0.5.12,0.6.0,7.2.2,3.16.0
"laptop, every tool with UMAP (Polariseq default)",neuron10k__polariseq-spill__rep2__20261005T135809,2026-10-05T13:58:09,neuron10k,11843,31053,31522268,polariseq-spill,Polariseq (out-of-core),polariseq,2,ok,,4,6.0,True,2000,50,15,1.0,200,0,4.081,0.668,,,,,,,,,,,0.6677,0.577,0.78,0.453,1.622,11648,2000,27,spill,4,Apple M2,8.59,Darwin 23.4.0,3.14.6,0.1.0b1,1.12.3,0.13.2,2.4.6,1.18.0,3.0.5,0.66.0,1.0.0,0.12.0,0.5.12,0.6.0,7.2.2,3.16.0
"laptop, every tool with UMAP (Polariseq default)",neuron10k__polariseq-spill__rep3__20261005T135822,2026-10-05T13:58:22,neuron10k,11843,31053,31522268,polariseq-spill,Polariseq (out-of-core),polariseq,3,ok,,4,6.0,True,2000,50,15,1.0,200,0,4.146,0.675,,,,,,,,,,,0.6751,0.517,0.803,0.451,1.675,11648,2000,27,spill,4,Apple M2,8.59,Darwin 23.4.0,3.14.6,0.1.0b1,1.12.3,0.13.2,2.4.6,1.18.0,3.0.5,0.66.0,1.0.0,0.12.0,0.5.12,0.6.0,7.2.2,3.16.0
"laptop, every tool with UMAP (Polariseq default)",neuron10k__polariseq-spill__rep4__20261005T135827,2026-10-05T13:58:27,neuron10k,11843,31053,31522268,polariseq-spill,Polariseq (out-of-core),polariseq,4,ok,,4,6.0,True,2000,50,15,1.0,200,0,4.437,0.717,,,,,,,,,,,0.7168,0.567,0.729,0.503,1.597,11648,2000,27,spill,4,Apple M2,8.59,Darwin 23.4.0,3.14.6,0.1.0b1,1.12.3,0.13.2,2.4.6,1.18.0,3.0.5,0.66.0,1.0.0,0.12.0,0.5.12,0.6.0,7.2.2,3.16.0
"laptop, every tool with UMAP (Polariseq default)",neuron10k__polariseq-spill__rep5__20261005T135841,2026-10-05T13:58:41,neuron10k,11843,31053,31522268,polariseq-spill,Polariseq (out-of-core),polariseq,5,ok,,4,6.0,True,2000,50,15,1.0,200,0,4.239,0.754,,,,,,,,,,,0.7538,0.566,0.83,0.421,1.476,11648,2000,27,spill,4,Apple M2,8.59,Darwin 23.4.0,3.14.6,0.1.0b1,1.12.3,0.13.2,2.4.6,1.18.0,3.0.5,0.66.0,1.0.0,0.12.0,0.5.12,0.6.0,7.2.2,3.16.0
"laptop, every tool with UMAP (Polariseq default)",neuron10k__scanpy-tuned-seed1__rep1__20261005T173126,2026-10-05T17:31:26,neuron10k,11843,31053,31522268,scanpy-tuned-seed1,"scanpy (tuned, second seed)",,1,ok,,4,6.0,True,2000,50,15,1.0,200,0,36.765,7.527,0.128,0.3617,0.2316,0.0475,0.1026,0.288,,0.7015,0.7702,0.1962,4.6999,1.454,1.255,0.999,2.193,11648,2000,23,ram,,Apple M2,8.59,Darwin 23.4.0,3.14.6,0.1.0b1,1.12.3,0.13.2,2.4.6,1.18.0,3.0.5,0.66.0,1.0.0,0.12.0,0.5.12,0.6.0,7.2.2,3.16.0
"laptop, every tool with UMAP (Polariseq default)",neuron10k__scanpy-tuned-seed1__rep2__20261005T173204,2026-10-05T17:32:04,neuron10k,11843,31053,31522268,scanpy-tuned-seed1,"scanpy (tuned, second seed)",,2,ok,,4,6.0,True,2000,50,15,1.0,200,0,36.828,7.464,0.1295,0.3405,0.2275,0.0452,0.0822,0.2815,,0.6914,0.7743,0.1894,4.7023,1.449,1.298,1.021,2.222,11648,2000,23,ram,,Apple M2,8.59,Darwin 23.4.0,3.14.6,0.1.0b1,1.12.3,0.13.2,2.4.6,1.18.0,3.0.5,0.66.0,1.0.0,0.12.0,0.5.12,0.6.0,7.2.2,3.16.0
"laptop, every tool with UMAP (Polariseq default)",neuron10k__scanpy-tuned-seed1__rep3__20261005T173501,2026-10-05T17:35:01,neuron10k,11843,31053,31522268,scanpy-tuned-seed1,"scanpy (tuned, second seed)",,3,ok,,4,6.0,True,2000,50,15,1.0,200,0,37.806,7.675,0.2195,0.3941,0.2676,0.0474,0.0825,0.2788,,0.6896,0.8228,0.1951,4.6776,1.444,1.202,1.075,1.613,11648,2000,23,ram,,Apple M2,8.59,Darwin 23.4.0,3.14.6,0.1.0b1,1.12.3,0.13.2,2.4.6,1.18.0,3.0.5,0.66.0,1.0.0,0.12.0,0.5.12,0.6.0,7.2.2,3.16.0
"laptop, every tool with UMAP (Polariseq default)",neuron10k__scanpy-tuned-seed1__rep4__20261005T173601,2026-10-05T17:36:01,neuron10k,11843,31053,31522268,scanpy-tuned-seed1,"scanpy (tuned, second seed)",,4,ok,,4,6.0,True,2000,50,15,1.0,200,0,37.069,7.623,0.1949,0.3733,0.2745,0.0393,0.0821,0.289,,0.6619,0.7589,0.1876,4.7611,1.442,1.463,1.213,1.682,11648,2000,23,ram,,Apple M2,8.59,Darwin 23.4.0,3.14.6,0.1.0b1,1.12.3,0.13.2,2.4.6,1.18.0,3.0.5,0.66.0,1.0.0,0.12.0,0.5.12,0.6.0,7.2.2,3.16.0
"laptop, every tool with UMAP (Polariseq default)",neuron10k__scanpy-tuned-seed1__rep5__20261005T173938,2026-10-05T17:39:38,neuron10k,11843,31053,31522268,scanpy-tuned-seed1,"scanpy (tuned, second seed)",,5,ok,,4,6.0,True,2000,50,15,1.0,200,0,37.12,7.582,0.2086,0.3769,0.3028,0.0437,0.0814,0.2866,,0.6988,0.7601,0.1831,4.6399,1.45,1.434,1.019,1.633,11648,2000,23,ram,,Apple M2,8.59,Darwin 23.4.0,3.14.6,0.1.0b1,1.12.3,0.13.2,2.4.6,1.18.0,3.0.5,0.66.0,1.0.0,0.12.0,0.5.12,0.6.0,7.2.2,3.16.0
"laptop, every tool with UMAP (Polariseq default)",neuron10k__scanpy-tuned__rep1__20261005T173049,2026-10-05T17:30:49,neuron10k,11843,31053,31522268,scanpy-tuned,scanpy (tuned),,1,ok,,4,6.0,True,2000,50,15,1.0,200,0,36.52,7.433,0.1357,0.3363,0.2317,0.0409,0.0818,0.2811,,0.6974,0.7713,0.202,4.655,1.456,1.25,0.948,2.264,11648,2000,24,ram,,Apple M2,8.59,Darwin 23.4.0,3.14.6,0.1.0b1,1.12.3,0.13.2,2.4.6,1.18.0,3.0.5,0.66.0,1.0.0,0.12.0,0.5.12,0.6.0,7.2.2,3.16.0
"laptop, every tool with UMAP (Polariseq default)",neuron10k__scanpy-tuned__rep2__20261005T173242,2026-10-05T17:32:42,neuron10k,11843,31053,31522268,scanpy-tuned,scanpy (tuned),,2,ok,,4,6.0,True,2000,50,15,1.0,200,0,37.854,7.609,0.2031,0.3768,0.2482,0.0475,0.082,0.2791,,0.6964,0.7933,0.204,4.6786,1.449,1.256,1.05,1.552,11648,2000,24,ram,,Apple M2,8.59,Darwin 23.4.0,3.14.6,0.1.0b1,1.12.3,0.13.2,2.4.6,1.18.0,3.0.5,0.66.0,1.0.0,0.12.0,0.5.12,0.6.0,7.2.2,3.16.0
"laptop, every tool with UMAP (Polariseq default)",neuron10k__scanpy-tuned__rep3__20261005T173321,2026-10-05T17:33:21,neuron10k,11843,31053,31522268,scanpy-tuned,scanpy (tuned),,3,ok,,4,6.0,True,2000,50,15,1.0,200,0,37.57,7.71,0.222,0.4107,0.2233,0.0488,0.0826,0.315,,0.6811,0.8216,0.2023,4.7024,1.429,1.22,1.008,1.655,11648,2000,24,ram,,Apple M2,8.59,Darwin 23.4.0,3.14.6,0.1.0b1,1.12.3,0.13.2,2.4.6,1.18.0,3.0.5,0.66.0,1.0.0,0.12.0,0.5.12,0.6.0,7.2.2,3.16.0
"laptop, every tool with UMAP (Polariseq default)",neuron10k__scanpy-tuned__rep4__20261005T173639,2026-10-05T17:36:39,neuron10k,11843,31053,31522268,scanpy-tuned,scanpy (tuned),,4,ok,,4,6.0,True,2000,50,15,1.0,200,0,36.888,7.64,0.199,0.3648,0.3065,0.0398,0.0822,0.2967,,0.7379,0.776,0.2061,4.6306,1.436,1.289,1.15,1.65,11648,2000,24,ram,,Apple M2,8.59,Darwin 23.4.0,3.14.6,0.1.0b1,1.12.3,0.13.2,2.4.6,1.18.0,3.0.5,0.66.0,1.0.0,0.12.0,0.5.12,0.6.0,7.2.2,3.16.0
"laptop, every tool with UMAP (Polariseq default)",neuron10k__scanpy-tuned__rep5__20261005T173737,2026-10-05T17:37:37,neuron10k,11843,31053,31522268,scanpy-tuned,scanpy (tuned),,5,ok,,4,6.0,True,2000,50,15,1.0,200,0,37.755,7.725,0.1891,0.4002,0.3151,0.0489,0.0835,0.2961,,0.6966,0.7989,0.2198,4.6767,1.448,1.257,1.032,1.601,11648,2000,24,ram,,Apple M2,8.59,Darwin 23.4.0,3.14.6,0.1.0b1,1.12.3,0.13.2,2.4.6,1.18.0,3.0.5,0.66.0,1.0.0,0.12.0,0.5.12,0.6.0,7.2.2,3.16.0
"laptop, every tool with UMAP (Polariseq default)",neuron10k__scarf__rep1__20261005T180946,2026-10-05T18:09:46,neuron10k,11843,31053,31522268,scarf,"Scarf (Zarr, out-of-core)",,1,ok,,4,6.0,True,2000,50,15,1.0,200,0,38.949,20.217,2.0861,0.0,0.0019,0.0,0.0,2.9985,,12.0411,0.0,0.8861,2.2029,0.61,1.24,0.393,2.23,11648,2000,24,zarr,,Apple M2,8.59,Darwin 23.4.0,3.14.6,0.1.0b1,1.12.3,0.13.2,2.4.6,1.18.0,3.0.5,0.66.0,1.0.0,0.12.0,0.5.12,0.6.0,7.2.2,3.16.0
"laptop, every tool with UMAP (Polariseq default)",neuron10k__scarf__rep2__20261005T181115,2026-10-05T18:11:15,neuron10k,11843,31053,31522268,scarf,"Scarf (Zarr, out-of-core)",,2,ok,,4,6.0,True,2000,50,15,1.0,200,0,38.915,20.285,2.1381,0.0,0.0025,0.0,0.0,3.0535,,11.9902,0.0,0.8875,2.2137,0.514,1.188,0.394,2.268,11648,2000,24,zarr,,Apple M2,8.59,Darwin 23.4.0,3.14.6,0.1.0b1,1.12.3,0.13.2,2.4.6,1.18.0,3.0.5,0.66.0,1.0.0,0.12.0,0.5.12,0.6.0,7.2.2,3.16.0
"laptop, every tool with UMAP (Polariseq default)",neuron10k__scarf__rep3__20261005T181248,2026-10-05T18:12:48,neuron10k,11843,31053,31522268,scarf,"Scarf (Zarr, out-of-core)",,3,ok,,4,6.0,True,2000,50,15,1.0,200,0,39.917,21.089,2.1742,0.0,0.0019,0.0,0.0,3.4213,,12.2864,0.0,0.9151,2.2901,0.507,1.308,0.395,2.227,11648,2000,24,zarr,,Apple M2,8.59,Darwin 23.4.0,3.14.6,0.1.0b1,1.12.3,0.13.2,2.4.6,1.18.0,3.0.5,0.66.0,1.0.0,0.12.0,0.5.12,0.6.0,7.2.2,3.16.0
"laptop, every tool with UMAP (Polariseq default)",neuron10k__seurat-bpcells__rep1__20261005T180836,2026-10-05T18:08:36,neuron10k,11843,31053,31522268,seurat-bpcells,"Seurat (BPCells, disk-backed)",,1,ok,,4,6.0,True,2000,50,15,1.0,200,0,40.565,35.943,0.3203,0.0765,0.1591,0.5503,0.0001,0.8073,,23.339,1.4671,1.4693,7.754,0.614,0.961,0.105,2.369,11648,2000,21,bpcells,,Apple M2,8.59,Darwin 23.4.0,3.14.6,0.1.0b1,1.12.3,0.13.2,2.4.6,1.18.0,3.0.5,0.66.0,1.0.0,0.12.0,0.5.12,0.6.0,7.2.2,3.16.0
"laptop, every tool with UMAP (Polariseq default)",neuron10k__seurat-bpcells__rep2__20261005T181026,2026-10-05T18:10:26,neuron10k,11843,31053,31522268,seurat-bpcells,"Seurat (BPCells, disk-backed)",,2,ok,,4,6.0,True,2000,50,15,1.0,200,0,40.598,36.035,0.3168,0.0772,0.1651,0.5501,0.0,0.8042,,23.3996,1.4881,1.529,7.7054,0.627,1.07,0.109,2.339,11648,2000,21,bpcells,,Apple M2,8.59,Darwin 23.4.0,3.14.6,0.1.0b1,1.12.3,0.13.2,2.4.6,1.18.0,3.0.5,0.66.0,1.0.0,0.12.0,0.5.12,0.6.0,7.2.2,3.16.0
"laptop, every tool with UMAP (Polariseq default)",neuron10k__seurat-bpcells__rep3__20261005T181354,2026-10-05T18:13:54,neuron10k,11843,31053,31522268,seurat-bpcells,"Seurat (BPCells, disk-backed)",,3,ok,,4,6.0,True,2000,50,15,1.0,200,0,40.55,36.168,0.3142,0.0779,0.1627,0.5343,0.0,0.7971,,23.4705,1.4668,1.4922,7.8522,0.613,1.08,0.108,2.271,11648,2000,21,bpcells,,Apple M2,8.59,Darwin 23.4.0,3.14.6,0.1.0b1,1.12.3,0.13.2,2.4.6,1.18.0,3.0.5,0.66.0,1.0.0,0.12.0,0.5.12,0.6.0,7.2.2,3.16.0
"laptop, every tool with UMAP (Polariseq default)",neuron10k__seurat-tuned__rep1__20261005T180812,2026-10-05T18:08:12,neuron10k,11843,31053,31522268,seurat-tuned,Seurat (tuned),,1,ok,,4,6.0,True,2000,50,15,1.0,200,0,22.884,19.293,1.738,0.4299,0.5265,1.5641,0.0,1.8688,,2.4869,1.5159,1.2937,7.8695,3.388,1.983,0.618,1.546,11648,2000,20,ram,,Apple M2,8.59,Darwin 23.4.0,3.14.6,0.1.0b1,1.12.3,0.13.2,2.4.6,1.18.0,3.0.5,0.66.0,1.0.0,0.12.0,0.5.12,0.6.0,7.2.2,3.16.0
"laptop, every tool with UMAP (Polariseq default)",neuron10k__seurat-tuned__rep2__20261005T181155,2026-10-05T18:11:55,neuron10k,11843,31053,31522268,seurat-tuned,Seurat (tuned),,2,ok,,4,6.0,True,2000,50,15,1.0,200,0,23.603,19.425,1.6609,0.464,0.5478,1.7045,0.0,1.856,,2.4925,1.5419,1.2713,7.8865,3.398,1.973,0.62,1.39,11648,2000,20,ram,,Apple M2,8.59,Darwin 23.4.0,3.14.6,0.1.0b1,1.12.3,0.13.2,2.4.6,1.18.0,3.0.5,0.66.0,1.0.0,0.12.0,0.5.12,0.6.0,7.2.2,3.16.0
"laptop, every tool with UMAP (Polariseq default)",neuron10k__seurat-tuned__rep3__20261005T181329,2026-10-05T18:13:29,neuron10k,11843,31053,31522268,seurat-tuned,Seurat (tuned),,3,ok,,4,6.0,True,2000,50,15,1.0,200,0,23.61,19.334,1.8074,0.4816,0.5294,1.7086,0.0,1.8266,,2.484,1.6293,1.2212,7.646,3.39,1.865,0.625,1.465,11648,2000,20,ram,,Apple M2,8.59,Darwin 23.4.0,3.14.6,0.1.0b1,1.12.3,0.13.2,2.4.6,1.18.0,3.0.5,0.66.0,1.0.0,0.12.0,0.5.12,0.6.0,7.2.2,3.16.0
"laptop, every tool with UMAP (Polariseq default)",pbmc10k__bpcells-native__rep1__20261005T180315,2026-10-05T18:03:15,pbmc10k,11769,33538,24825783,bpcells-native,"BPCells (native, disk-backed)",,1,ok,,4,6.0,True,2000,50,15,1.0,200,0,6.363,3.541,0.0078,0.0599,0.0007,0.0025,0.0006,0.058,,0.2602,0.768,0.0827,2.3004,0.37,0.654,0.108,2.506,11537,2000,20,bpcells,,Apple M2,8.59,Darwin 23.4.0,3.14.6,0.1.0b1,1.12.3,0.13.2,2.4.6,1.18.0,3.0.5,0.66.0,1.0.0,0.12.0,0.5.12,0.6.0,7.2.2,3.16.0
"laptop, every tool with UMAP (Polariseq default)",pbmc10k__bpcells-native__rep2__20261005T180454,2026-10-05T18:04:54,pbmc10k,11769,33538,24825783,bpcells-native,"BPCells (native, disk-backed)",,2,ok,,4,6.0,True,2000,50,15,1.0,200,0,6.333,3.589,0.0077,0.0622,0.001,0.0026,0.0006,0.0592,,0.2621,0.7754,0.0848,2.3339,0.348,0.63,0.103,2.722,11537,2000,20,bpcells,,Apple M2,8.59,Darwin 23.4.0,3.14.6,0.1.0b1,1.12.3,0.13.2,2.4.6,1.18.0,3.0.5,0.66.0,1.0.0,0.12.0,0.5.12,0.6.0,7.2.2,3.16.0
"laptop, every tool with UMAP (Polariseq default)",pbmc10k__bpcells-native__rep3__20261005T180608,2026-10-05T18:06:08,pbmc10k,11769,33538,24825783,bpcells-native,"BPCells (native, disk-backed)",,3,ok,,4,6.0,True,2000,50,15,1.0,200,0,6.454,3.644,0.0071,0.0623,0.0009,0.0026,0.0006,0.0593,,0.2624,0.7692,0.0843,2.3951,0.353,0.626,0.106,2.615,11537,2000,20,bpcells,,Apple M2,8.59,Darwin 23.4.0,3.14.6,0.1.0b1,1.12.3,0.13.2,2.4.6,1.18.0,3.0.5,0.66.0,1.0.0,0.12.0,0.5.12,0.6.0,7.2.2,3.16.0
"laptop, every tool with UMAP (Polariseq default)",pbmc10k__polariseq-ram__rep1__20261005T135718,2026-10-05T13:57:18,pbmc10k,11769,33538,24825783,polariseq-ram,Polariseq (in-RAM),polariseq,1,ok,,4,6.0,True,2000,50,15,1.0,200,0,2.566,2.217,0.0973,0.0228,0.0131,0.0081,0.0162,0.1421,0.0099,1.0508,0.142,0.0422,0.6724,0.317,0.439,0.317,1.632,11537,2000,21,ram,4,Apple M2,8.59,Darwin 23.4.0,3.14.6,0.1.0b1,1.12.3,0.13.2,2.4.6,1.18.0,3.0.5,0.66.0,1.0.0,0.12.0,0.5.12,0.6.0,7.2.2,3.16.0
"laptop, every tool with UMAP (Polariseq default)",pbmc10k__polariseq-ram__rep2__20261005T135731,2026-10-05T13:57:31,pbmc10k,11769,33538,24825783,polariseq-ram,Polariseq (in-RAM),polariseq,2,ok,,4,6.0,True,2000,50,15,1.0,200,0,2.531,2.167,0.0772,0.0225,0.0132,0.008,0.0162,0.1446,0.0097,1.0164,0.133,0.0423,0.6843,0.316,0.603,0.301,1.685,11537,2000,21,ram,4,Apple M2,8.59,Darwin 23.4.0,3.14.6,0.1.0b1,1.12.3,0.13.2,2.4.6,1.18.0,3.0.5,0.66.0,1.0.0,0.12.0,0.5.12,0.6.0,7.2.2,3.16.0
"laptop, every tool with UMAP (Polariseq default)",pbmc10k__polariseq-ram__rep3__20261005T135735,2026-10-05T13:57:35,pbmc10k,11769,33538,24825783,polariseq-ram,Polariseq (in-RAM),polariseq,3,ok,,4,6.0,True,2000,50,15,1.0,200,0,2.479,2.137,0.0755,0.0229,0.0134,0.0081,0.0162,0.1451,0.0097,1.0037,0.1292,0.0421,0.6712,0.317,0.595,0.306,1.709,11537,2000,21,ram,4,Apple M2,8.59,Darwin 23.4.0,3.14.6,0.1.0b1,1.12.3,0.13.2,2.4.6,1.18.0,3.0.5,0.66.0,1.0.0,0.12.0,0.5.12,0.6.0,7.2.2,3.16.0
"laptop, every tool with UMAP (Polariseq default)",pbmc10k__polariseq-ram__rep4__20261005T135748,2026-10-05T13:57:48,pbmc10k,11769,33538,24825783,polariseq-ram,Polariseq (in-RAM),polariseq,4,ok,,4,6.0,True,2000,50,15,1.0,200,0,2.493,2.146,0.076,0.0226,0.0134,0.0083,0.0169,0.1449,0.0096,1.0158,0.1249,0.0426,0.6709,0.318,0.597,0.301,1.699,11537,2000,21,ram,4,Apple M2,8.59,Darwin 23.4.0,3.14.6,0.1.0b1,1.12.3,0.13.2,2.4.6,1.18.0,3.0.5,0.66.0,1.0.0,0.12.0,0.5.12,0.6.0,7.2.2,3.16.0
"laptop, every tool with UMAP (Polariseq default)",pbmc10k__polariseq-ram__rep5__20261005T135752,2026-10-05T13:57:52,pbmc10k,11769,33538,24825783,polariseq-ram,Polariseq (in-RAM),polariseq,5,ok,,4,6.0,True,2000,50,15,1.0,200,0,2.486,2.144,0.0759,0.0225,0.0134,0.0084,0.017,0.1442,0.0096,1.0113,0.1258,0.0422,0.6733,0.317,0.592,0.303,1.689,11537,2000,21,ram,4,Apple M2,8.59,Darwin 23.4.0,3.14.6,0.1.0b1,1.12.3,0.13.2,2.4.6,1.18.0,3.0.5,0.66.0,1.0.0,0.12.0,0.5.12,0.6.0,7.2.2,3.16.0
"laptop, every tool with UMAP (Polariseq default)",pbmc10k__polariseq-spill__rep1__20261005T135722,2026-10-05T13:57:22,pbmc10k,11769,33538,24825783,polariseq-spill,Polariseq (out-of-core),polariseq,1,ok,,4,6.0,True,2000,50,15,1.0,200,0,3.766,0.668,,,,,,,,,,,0.668,0.544,0.791,0.495,1.527,11537,2000,21,spill,4,Apple M2,8.59,Darwin 23.4.0,3.14.6,0.1.0b1,1.12.3,0.13.2,2.4.6,1.18.0,3.0.5,0.66.0,1.0.0,0.12.0,0.5.12,0.6.0,7.2.2,3.16.0
"laptop, every tool with UMAP (Polariseq default)",pbmc10k__polariseq-spill__rep2__20261005T135726,2026-10-05T13:57:26,pbmc10k,11769,33538,24825783,polariseq-spill,Polariseq (out-of-core),polariseq,2,ok,,4,6.0,True,2000,50,15,1.0,200,0,3.749,0.675,,,,,,,,,,,0.6748,0.528,0.758,0.422,1.587,11537,2000,21,spill,4,Apple M2,8.59,Darwin 23.4.0,3.14.6,0.1.0b1,1.12.3,0.13.2,2.4.6,1.18.0,3.0.5,0.66.0,1.0.0,0.12.0,0.5.12,0.6.0,7.2.2,3.16.0
"laptop, every tool with UMAP (Polariseq default)",pbmc10k__polariseq-spill__rep3__20261005T135738,2026-10-05T13:57:38,pbmc10k,11769,33538,24825783,polariseq-spill,Polariseq (out-of-core),polariseq,3,ok,,4,6.0,True,2000,50,15,1.0,200,0,3.757,0.666,,,,,,,,,,,0.6664,0.634,0.678,0.422,1.656,11537,2000,21,spill,4,Apple M2,8.59,Darwin 23.4.0,3.14.6,0.1.0b1,1.12.3,0.13.2,2.4.6,1.18.0,3.0.5,0.66.0,1.0.0,0.12.0,0.5.12,0.6.0,7.2.2,3.16.0
"laptop, every tool with UMAP (Polariseq default)",pbmc10k__polariseq-spill__rep4__20261005T135743,2026-10-05T13:57:43,pbmc10k,11769,33538,24825783,polariseq-spill,Polariseq (out-of-core),polariseq,4,ok,,4,6.0,True,2000,50,15,1.0,200,0,3.743,0.677,,,,,,,,,,,0.6771,0.477,0.655,0.395,1.587,11537,2000,21,spill,4,Apple M2,8.59,Darwin 23.4.0,3.14.6,0.1.0b1,1.12.3,0.13.2,2.4.6,1.18.0,3.0.5,0.66.0,1.0.0,0.12.0,0.5.12,0.6.0,7.2.2,3.16.0
"laptop, every tool with UMAP (Polariseq default)",pbmc10k__polariseq-spill__rep5__20261005T135755,2026-10-05T13:57:55,pbmc10k,11769,33538,24825783,polariseq-spill,Polariseq (out-of-core),polariseq,5,ok,,4,6.0,True,2000,50,15,1.0,200,0,3.731,0.67,,,,,,,,,,,0.6696,0.643,0.704,0.429,1.69,11537,2000,21,spill,4,Apple M2,8.59,Darwin 23.4.0,3.14.6,0.1.0b1,1.12.3,0.13.2,2.4.6,1.18.0,3.0.5,0.66.0,1.0.0,0.12.0,0.5.12,0.6.0,7.2.2,3.16.0
"laptop, every tool with UMAP (Polariseq default)",pbmc10k__scanpy-tuned-seed1__rep1__20261005T172517,2026-10-05T17:25:17,pbmc10k,11769,33538,24825783,scanpy-tuned-seed1,"scanpy (tuned, second seed)",,1,ok,,4,6.0,True,2000,50,15,1.0,200,0,35.745,6.928,0.0912,0.2769,0.1951,0.0382,0.0705,0.2256,,0.4064,0.7381,0.2068,4.6789,1.256,1.347,1.118,2.531,11537,2000,20,ram,,Apple M2,8.59,Darwin 23.4.0,3.14.6,0.1.0b1,1.12.3,0.13.2,2.4.6,1.18.0,3.0.5,0.66.0,1.0.0,0.12.0,0.5.12,0.6.0,7.2.2,3.16.0
"laptop, every tool with UMAP (Polariseq default)",pbmc10k__scanpy-tuned-seed1__rep2__20261005T172554,2026-10-05T17:25:54,pbmc10k,11769,33538,24825783,scanpy-tuned-seed1,"scanpy (tuned, second seed)",,2,ok,,4,6.0,True,2000,50,15,1.0,200,0,35.608,6.889,0.0948,0.2591,0.1974,0.0342,0.0642,0.2168,,0.3991,0.7409,0.1969,4.6859,1.238,1.326,1.099,2.554,11537,2000,20,ram,,Apple M2,8.59,Darwin 23.4.0,3.14.6,0.1.0b1,1.12.3,0.13.2,2.4.6,1.18.0,3.0.5,0.66.0,1.0.0,0.12.0,0.5.12,0.6.0,7.2.2,3.16.0
"laptop, every tool with UMAP (Polariseq default)",pbmc10k__scanpy-tuned-seed1__rep3__20261005T172745,2026-10-05T17:27:45,pbmc10k,11769,33538,24825783,scanpy-tuned-seed1,"scanpy (tuned, second seed)",,3,ok,,4,6.0,True,2000,50,15,1.0,200,0,35.571,6.907,0.0985,0.2657,0.1901,0.0337,0.0661,0.2219,,0.3905,0.7389,0.199,4.7025,1.274,1.31,1.101,2.459,11537,2000,20,ram,,Apple M2,8.59,Darwin 23.4.0,3.14.6,0.1.0b1,1.12.3,0.13.2,2.4.6,1.18.0,3.0.5,0.66.0,1.0.0,0.12.0,0.5.12,0.6.0,7.2.2,3.16.0
"laptop, every tool with UMAP (Polariseq default)",pbmc10k__scanpy-tuned-seed1__rep4__20261005T172821,2026-10-05T17:28:21,pbmc10k,11769,33538,24825783,scanpy-tuned-seed1,"scanpy (tuned, second seed)",,4,ok,,4,6.0,True,2000,50,15,1.0,200,0,35.724,6.963,0.1179,0.2769,0.1758,0.0339,0.0657,0.2209,,0.4023,0.7783,0.1977,4.6936,1.261,1.29,0.952,2.408,11537,2000,20,ram,,Apple M2,8.59,Darwin 23.4.0,3.14.6,0.1.0b1,1.12.3,0.13.2,2.4.6,1.18.0,3.0.5,0.66.0,1.0.0,0.12.0,0.5.12,0.6.0,7.2.2,3.16.0
"laptop, every tool with UMAP (Polariseq default)",pbmc10k__scanpy-tuned-seed1__rep5__20261005T173011,2026-10-05T17:30:11,pbmc10k,11769,33538,24825783,scanpy-tuned-seed1,"scanpy (tuned, second seed)",,5,ok,,4,6.0,True,2000,50,15,1.0,200,0,35.928,7.09,0.1261,0.276,0.1918,0.034,0.0676,0.2289,,0.4189,0.7789,0.1917,4.7759,1.289,1.175,0.991,2.276,11537,2000,20,ram,,Apple M2,8.59,Darwin 23.4.0,3.14.6,0.1.0b1,1.12.3,0.13.2,2.4.6,1.18.0,3.0.5,0.66.0,1.0.0,0.12.0,0.5.12,0.6.0,7.2.2,3.16.0
"laptop, every tool with UMAP (Polariseq default)",pbmc10k__scanpy-tuned__rep1__20261005T172441,2026-10-05T17:24:41,pbmc10k,11769,33538,24825783,scanpy-tuned,scanpy (tuned),,1,ok,,4,6.0,True,2000,50,15,1.0,200,0,35.708,6.983,0.1557,0.2742,0.1799,0.0332,0.0649,0.2198,,0.3988,0.7697,0.1932,4.6932,1.259,1.266,0.989,2.585,11537,2000,20,ram,,Apple M2,8.59,Darwin 23.4.0,3.14.6,0.1.0b1,1.12.3,0.13.2,2.4.6,1.18.0,3.0.5,0.66.0,1.0.0,0.12.0,0.5.12,0.6.0,7.2.2,3.16.0
"laptop, every tool with UMAP (Polariseq default)",pbmc10k__scanpy-tuned__rep2__20261005T172631,2026-10-05T17:26:31,pbmc10k,11769,33538,24825783,scanpy-tuned,scanpy (tuned),,2,ok,,4,6.0,True,2000,50,15,1.0,200,0,35.636,6.908,0.1057,0.2748,0.1842,0.0313,0.0641,0.2192,,0.4101,0.7263,0.1952,4.6974,1.252,1.34,1.075,2.493,11537,2000,20,ram,,Apple M2,8.59,Darwin 23.4.0,3.14.6,0.1.0b1,1.12.3,0.13.2,2.4.6,1.18.0,3.0.5,0.66.0,1.0.0,0.12.0,0.5.12,0.6.0,7.2.2,3.16.0
"laptop, every tool with UMAP (Polariseq default)",pbmc10k__scanpy-tuned__rep3__20261005T172708,2026-10-05T17:27:08,pbmc10k,11769,33538,24825783,scanpy-tuned,scanpy (tuned),,3,ok,,4,6.0,True,2000,50,15,1.0,200,0,35.676,6.902,0.0909,0.2718,0.2,0.0412,0.071,0.221,,0.3965,0.7396,0.2052,4.6646,1.24,1.35,1.09,2.464,11537,2000,20,ram,,Apple M2,8.59,Darwin 23.4.0,3.14.6,0.1.0b1,1.12.3,0.13.2,2.4.6,1.18.0,3.0.5,0.66.0,1.0.0,0.12.0,0.5.12,0.6.0,7.2.2,3.16.0
"laptop, every tool with UMAP (Polariseq default)",pbmc10k__scanpy-tuned__rep4__20261005T172858,2026-10-05T17:28:58,pbmc10k,11769,33538,24825783,scanpy-tuned,scanpy (tuned),,4,ok,,4,6.0,True,2000,50,15,1.0,200,0,35.551,6.864,0.0998,0.2764,0.1863,0.0338,0.0644,0.2189,,0.3922,0.74,0.1911,4.6609,1.263,1.248,1.015,2.364,11537,2000,20,ram,,Apple M2,8.59,Darwin 23.4.0,3.14.6,0.1.0b1,1.12.3,0.13.2,2.4.6,1.18.0,3.0.5,0.66.0,1.0.0,0.12.0,0.5.12,0.6.0,7.2.2,3.16.0
"laptop, every tool with UMAP (Polariseq default)",pbmc10k__scanpy-tuned__rep5__20261005T172935,2026-10-05T17:29:35,pbmc10k,11769,33538,24825783,scanpy-tuned,scanpy (tuned),,5,ok,,4,6.0,True,2000,50,15,1.0,200,0,35.569,6.922,0.0989,0.2805,0.1899,0.032,0.0644,0.2203,,0.3887,0.7454,0.2005,4.7011,1.269,1.244,0.988,2.348,11537,2000,20,ram,,Apple M2,8.59,Darwin 23.4.0,3.14.6,0.1.0b1,1.12.3,0.13.2,2.4.6,1.18.0,3.0.5,0.66.0,1.0.0,0.12.0,0.5.12,0.6.0,7.2.2,3.16.0
"laptop, every tool with UMAP (Polariseq default)",pbmc10k__scarf__rep1__20261005T180323,2026-10-05T18:03:23,pbmc10k,11769,33538,24825783,scarf,"Scarf (Zarr, out-of-core)",,1,ok,,4,6.0,True,2000,50,15,1.0,200,0,38.971,20.788,2.2528,0.0,0.002,0.0,0.0,3.293,,12.0455,0.0,0.8965,2.2985,0.51,1.218,0.39,2.312,11537,2000,21,zarr,,Apple M2,8.59,Darwin 23.4.0,3.14.6,0.1.0b1,1.12.3,0.13.2,2.4.6,1.18.0,3.0.5,0.66.0,1.0.0,0.12.0,0.5.12,0.6.0,7.2.2,3.16.0
"laptop, every tool with UMAP (Polariseq default)",pbmc10k__scarf__rep2__20261005T180501,2026-10-05T18:05:01,pbmc10k,11769,33538,24825783,scarf,"Scarf (Zarr, out-of-core)",,2,ok,,4,6.0,True,2000,50,15,1.0,200,0,39.596,21.089,2.3884,0.0,0.002,0.0,0.0,3.347,,12.0901,0.0,0.9267,2.3347,0.512,1.262,0.388,2.417,11537,2000,21,zarr,,Apple M2,8.59,Darwin 23.4.0,3.14.6,0.1.0b1,1.12.3,0.13.2,2.4.6,1.18.0,3.0.5,0.66.0,1.0.0,0.12.0,0.5.12,0.6.0,7.2.2,3.16.0
"laptop, every tool with UMAP (Polariseq default)",pbmc10k__scarf__rep3__20261005T180615,2026-10-05T18:06:15,pbmc10k,11769,33538,24825783,scarf,"Scarf (Zarr, out-of-core)",,3,ok,,4,6.0,True,2000,50,15,1.0,200,0,39.53,21.103,2.3234,0.0,0.0018,0.0,0.0,3.2331,,12.2268,0.0,0.868,2.4499,0.57,1.383,0.393,2.255,11537,2000,21,zarr,,Apple M2,8.59,Darwin 23.4.0,3.14.6,0.1.0b1,1.12.3,0.13.2,2.4.6,1.18.0,3.0.5,0.66.0,1.0.0,0.12.0,0.5.12,0.6.0,7.2.2,3.16.0
"laptop, every tool with UMAP (Polariseq default)",pbmc10k__seurat-bpcells__rep1__20261005T180224,2026-10-05T18:02:24,pbmc10k,11769,33538,24825783,seurat-bpcells,"Seurat (BPCells, disk-backed)",,1,ok,,4,6.0,True,2000,50,15,1.0,200,0,49.794,45.248,0.2893,0.0662,0.1763,0.4869,0.0,0.8359,,32.0954,1.4057,1.8372,8.0555,0.597,1.133,0.104,2.322,11537,2000,21,bpcells,,Apple M2,8.59,Darwin 23.4.0,3.14.6,0.1.0b1,1.12.3,0.13.2,2.4.6,1.18.0,3.0.5,0.66.0,1.0.0,0.12.0,0.5.12,0.6.0,7.2.2,3.16.0
"laptop, every tool with UMAP (Polariseq default)",pbmc10k__seurat-bpcells__rep2__20261005T180403,2026-10-05T18:04:03,pbmc10k,11769,33538,24825783,seurat-bpcells,"Seurat (BPCells, disk-backed)",,2,ok,,4,6.0,True,2000,50,15,1.0,200,0,50.17,45.576,0.2842,0.0639,0.1706,0.4839,0.0,0.8264,,32.2138,1.4169,2.0305,8.0858,0.669,1.068,0.11,2.478,11537,2000,21,bpcells,,Apple M2,8.59,Darwin 23.4.0,3.14.6,0.1.0b1,1.12.3,0.13.2,2.4.6,1.18.0,3.0.5,0.66.0,1.0.0,0.12.0,0.5.12,0.6.0,7.2.2,3.16.0
"laptop, every tool with UMAP (Polariseq default)",pbmc10k__seurat-bpcells__rep3__20261005T180722,2026-10-05T18:07:22,pbmc10k,11769,33538,24825783,seurat-bpcells,"Seurat (BPCells, disk-backed)",,3,ok,,4,6.0,True,2000,50,15,1.0,200,0,49.778,45.262,0.2837,0.064,0.1683,0.487,0.0,0.8277,,32.0785,1.3952,1.893,8.0643,0.607,1.16,0.107,2.285,11537,2000,21,bpcells,,Apple M2,8.59,Darwin 23.4.0,3.14.6,0.1.0b1,1.12.3,0.13.2,2.4.6,1.18.0,3.0.5,0.66.0,1.0.0,0.12.0,0.5.12,0.6.0,7.2.2,3.16.0
"laptop, every tool with UMAP (Polariseq default)",pbmc10k__seurat-tuned__rep1__20261005T180157,2026-10-05T18:01:57,pbmc10k,11769,33538,24825783,seurat-tuned,Seurat (tuned),,1,ok,,4,6.0,True,2000,50,15,1.0,200,0,25.877,21.667,1.8628,0.4769,0.5179,1.7506,0.0,1.6916,,3.7597,1.5223,1.8203,8.2652,2.979,1.66,0.523,1.269,11537,2000,20,ram,,Apple M2,8.59,Darwin 23.4.0,3.14.6,0.1.0b1,1.12.3,0.13.2,2.4.6,1.18.0,3.0.5,0.66.0,1.0.0,0.12.0,0.5.12,0.6.0,7.2.2,3.16.0
"laptop, every tool with UMAP (Polariseq default)",pbmc10k__seurat-tuned__rep2__20261005T180542,2026-10-05T18:05:42,pbmc10k,11769,33538,24825783,seurat-tuned,Seurat (tuned),,2,ok,,4,6.0,True,2000,50,15,1.0,200,0,24.666,20.418,1.6062,0.3915,0.5036,1.273,0.0,1.583,,3.6275,1.4986,1.7071,8.2275,2.982,1.799,0.514,1.372,11537,2000,20,ram,,Apple M2,8.59,Darwin 23.4.0,3.14.6,0.1.0b1,1.12.3,0.13.2,2.4.6,1.18.0,3.0.5,0.66.0,1.0.0,0.12.0,0.5.12,0.6.0,7.2.2,3.16.0
"laptop, every tool with UMAP (Polariseq default)",pbmc10k__seurat-tuned__rep3__20261005T180656,2026-10-05T18:06:56,pbmc10k,11769,33538,24825783,seurat-tuned,Seurat (tuned),,3,ok,,4,6.0,True,2000,50,15,1.0,200,0,24.39,20.244,1.4309,0.3649,0.4646,1.2394,0.0,1.583,,3.4868,1.5928,1.8078,8.2736,2.979,1.97,0.517,1.318,11537,2000,20,ram,,Apple M2,8.59,Darwin 23.4.0,3.14.6,0.1.0b1,1.12.3,0.13.2,2.4.6,1.18.0,3.0.5,0.66.0,1.0.0,0.12.0,0.5.12,0.6.0,7.2.2,3.16.0
"laptop, every tool with UMAP (Polariseq default)",pbmc20k__bpcells-native__rep1__20261005T181706,2026-10-05T18:17:06,pbmc20k,23837,36601,54878285,bpcells-native,"BPCells (native, disk-backed)",,1,ok,,4,6.0,True,2000,50,15,1.0,200,0,9.925,6.75,0.0094,0.1077,0.0012,0.0028,0.0006,0.0895,,0.4912,1.4316,0.1652,4.4506,0.399,0.832,0.111,3.395,23766,2000,21,bpcells,,Apple M2,8.59,Darwin 23.4.0,3.14.6,0.1.0b1,1.12.3,0.13.2,2.4.6,1.18.0,3.0.5,0.66.0,1.0.0,0.12.0,0.5.12,0.6.0,7.2.2,3.16.0
"laptop, every tool with UMAP (Polariseq default)",pbmc20k__bpcells-native__rep2__20261005T182010,2026-10-05T18:20:10,pbmc20k,23837,36601,54878285,bpcells-native,"BPCells (native, disk-backed)",,2,ok,,4,6.0,True,2000,50,15,1.0,200,0,10.641,7.029,0.0095,0.1126,0.0013,0.003,0.0006,0.0949,,0.5301,1.4619,0.1797,4.6355,0.377,0.779,0.113,2.949,23766,2000,21,bpcells,,Apple M2,8.59,Darwin 23.4.0,3.14.6,0.1.0b1,1.12.3,0.13.2,2.4.6,1.18.0,3.0.5,0.66.0,1.0.0,0.12.0,0.5.12,0.6.0,7.2.2,3.16.0
"laptop, every tool with UMAP (Polariseq default)",pbmc20k__bpcells-native__rep3__20261005T182213,2026-10-05T18:22:13,pbmc20k,23837,36601,54878285,bpcells-native,"BPCells (native, disk-backed)",,3,ok,,4,6.0,True,2000,50,15,1.0,200,0,10.163,6.739,0.0092,0.1074,0.0011,0.0027,0.0005,0.0886,,0.4944,1.432,0.1664,4.4363,0.44,0.828,0.109,3.661,23766,2000,21,bpcells,,Apple M2,8.59,Darwin 23.4.0,3.14.6,0.1.0b1,1.12.3,0.13.2,2.4.6,1.18.0,3.0.5,0.66.0,1.0.0,0.12.0,0.5.12,0.6.0,7.2.2,3.16.0
"laptop, every tool with UMAP (Polariseq default)",pbmc20k__polariseq-ram__rep1__20261005T135846,2026-10-05T13:58:46,pbmc20k,23837,36601,54878285,polariseq-ram,Polariseq (in-RAM),polariseq,1,ok,,4,6.0,True,2000,50,15,1.0,200,0,6.034,5.486,0.2239,0.047,0.0212,0.019,0.0373,0.3205,0.0139,2.31,0.2695,0.1094,2.1147,0.582,0.554,0.549,1.226,23766,2000,25,ram,4,Apple M2,8.59,Darwin 23.4.0,3.14.6,0.1.0b1,1.12.3,0.13.2,2.4.6,1.18.0,3.0.5,0.66.0,1.0.0,0.12.0,0.5.12,0.6.0,7.2.2,3.16.0
"laptop, every tool with UMAP (Polariseq default)",pbmc20k__polariseq-ram__rep2__20261005T135929,2026-10-05T13:59:29,pbmc20k,23837,36601,54878285,polariseq-ram,Polariseq (in-RAM),polariseq,2,ok,,4,6.0,True,2000,50,15,1.0,200,0,4.595,4.225,0.1393,0.0382,0.0175,0.0191,0.0375,0.3191,0.0147,1.3822,0.2253,0.1007,1.9314,0.583,0.637,0.55,1.617,23766,2000,25,ram,4,Apple M2,8.59,Darwin 23.4.0,3.14.6,0.1.0b1,1.12.3,0.13.2,2.4.6,1.18.0,3.0.5,0.66.0,1.0.0,0.12.0,0.5.12,0.6.0,7.2.2,3.16.0
"laptop, every tool with UMAP (Polariseq default)",pbmc20k__polariseq-ram__rep3__20261005T135935,2026-10-05T13:59:35,pbmc20k,23837,36601,54878285,polariseq-ram,Polariseq (in-RAM),polariseq,3,ok,,4,6.0,True,2000,50,15,1.0,200,0,4.692,4.334,0.173,0.0517,0.0338,0.0208,0.0382,0.2935,0.0137,1.3396,0.2193,0.1048,2.0456,0.582,0.577,0.569,1.563,23766,2000,25,ram,4,Apple M2,8.59,Darwin 23.4.0,3.14.6,0.1.0b1,1.12.3,0.13.2,2.4.6,1.18.0,3.0.5,0.66.0,1.0.0,0.12.0,0.5.12,0.6.0,7.2.2,3.16.0
"laptop, every tool with UMAP (Polariseq default)",pbmc20k__polariseq-ram__rep4__20261005T135957,2026-10-05T13:59:57,pbmc20k,23837,36601,54878285,polariseq-ram,Polariseq (in-RAM),polariseq,4,ok,,4,6.0,True,2000,50,15,1.0,200,0,4.873,4.508,0.1387,0.0386,0.0179,0.0191,0.0388,0.3247,0.0158,1.6406,0.2454,0.1055,1.9232,0.591,0.584,0.567,1.508,23766,2000,25,ram,4,Apple M2,8.59,Darwin 23.4.0,3.14.6,0.1.0b1,1.12.3,0.13.2,2.4.6,1.18.0,3.0.5,0.66.0,1.0.0,0.12.0,0.5.12,0.6.0,7.2.2,3.16.0
"laptop, every tool with UMAP (Polariseq default)",pbmc20k__polariseq-ram__rep5__20261005T140003,2026-10-05T14:00:03,pbmc20k,23837,36601,54878285,polariseq-ram,Polariseq (in-RAM),polariseq,5,ok,,4,6.0,True,2000,50,15,1.0,200,0,4.554,4.198,0.1572,0.0398,0.0172,0.019,0.0387,0.3197,0.015,1.3587,0.2205,0.0991,1.9127,0.585,0.634,0.58,1.934,23766,2000,25,ram,4,Apple M2,8.59,Darwin 23.4.0,3.14.6,0.1.0b1,1.12.3,0.13.2,2.4.6,1.18.0,3.0.5,0.66.0,1.0.0,0.12.0,0.5.12,0.6.0,7.2.2,3.16.0
"laptop, every tool with UMAP (Polariseq default)",pbmc20k__polariseq-spill__rep1__20261005T135914,2026-10-05T13:59:14,pbmc20k,23837,36601,54878285,polariseq-spill,Polariseq (out-of-core),polariseq,1,ok,,4,6.0,True,2000,50,15,1.0,200,0,6.749,1.981,,,,,,,,,,,1.9813,1.003,0.867,0.756,1.395,23766,2000,24,spill,4,Apple M2,8.59,Darwin 23.4.0,3.14.6,0.1.0b1,1.12.3,0.13.2,2.4.6,1.18.0,3.0.5,0.66.0,1.0.0,0.12.0,0.5.12,0.6.0,7.2.2,3.16.0
"laptop, every tool with UMAP (Polariseq default)",pbmc20k__polariseq-spill__rep2__20261005T135922,2026-10-05T13:59:22,pbmc20k,23837,36601,54878285,polariseq-spill,Polariseq (out-of-core),polariseq,2,ok,,4,6.0,True,2000,50,15,1.0,200,0,6.358,1.892,,,,,,,,,,,1.8919,1.08,0.847,0.731,1.503,23766,2000,24,spill,4,Apple M2,8.59,Darwin 23.4.0,3.14.6,0.1.0b1,1.12.3,0.13.2,2.4.6,1.18.0,3.0.5,0.66.0,1.0.0,0.12.0,0.5.12,0.6.0,7.2.2,3.16.0
"laptop, every tool with UMAP (Polariseq default)",pbmc20k__polariseq-spill__rep3__20261005T135941,2026-10-05T13:59:41,pbmc20k,23837,36601,54878285,polariseq-spill,Polariseq (out-of-core),polariseq,3,ok,,4,6.0,True,2000,50,15,1.0,200,0,7.411,2.194,,,,,,,,,,,2.1944,1.12,0.851,0.653,1.061,23766,2000,24,spill,4,Apple M2,8.59,Darwin 23.4.0,3.14.6,0.1.0b1,1.12.3,0.13.2,2.4.6,1.18.0,3.0.5,0.66.0,1.0.0,0.12.0,0.5.12,0.6.0,7.2.2,3.16.0
"laptop, every tool with UMAP (Polariseq default)",pbmc20k__polariseq-spill__rep4__20261005T135949,2026-10-05T13:59:49,pbmc20k,23837,36601,54878285,polariseq-spill,Polariseq (out-of-core),polariseq,4,ok,,4,6.0,True,2000,50,15,1.0,200,0,6.718,1.911,,,,,,,,,,,1.9106,1.081,0.85,0.777,1.813,23766,2000,24,spill,4,Apple M2,8.59,Darwin 23.4.0,3.14.6,0.1.0b1,1.12.3,0.13.2,2.4.6,1.18.0,3.0.5,0.66.0,1.0.0,0.12.0,0.5.12,0.6.0,7.2.2,3.16.0
"laptop, every tool with UMAP (Polariseq default)",pbmc20k__polariseq-spill__rep5__20261005T140009,2026-10-05T14:00:09,pbmc20k,23837,36601,54878285,polariseq-spill,Polariseq (out-of-core),polariseq,5,ok,,4,6.0,True,2000,50,15,1.0,200,0,6.19,1.916,,,,,,,,,,,1.9159,1.109,0.905,0.718,1.695,23766,2000,24,spill,4,Apple M2,8.59,Darwin 23.4.0,3.14.6,0.1.0b1,1.12.3,0.13.2,2.4.6,1.18.0,3.0.5,0.66.0,1.0.0,0.12.0,0.5.12,0.6.0,7.2.2,3.16.0
"laptop, every tool with UMAP (Polariseq default)",pbmc20k__scanpy-tuned-seed1__rep1__20261005T174223,2026-10-05T17:42:23,pbmc20k,23837,36601,54878285,scanpy-tuned-seed1,"scanpy (tuned, second seed)",,1,ok,,4,6.0,True,2000,50,15,1.0,200,0,42.646,13.747,0.2543,0.5096,0.501,0.077,0.1403,0.484,,0.6748,0.9233,0.4268,9.756,2.037,1.638,1.556,1.552,23766,2000,22,ram,,Apple M2,8.59,Darwin 23.4.0,3.14.6,0.1.0b1,1.12.3,0.13.2,2.4.6,1.18.0,3.0.5,0.66.0,1.0.0,0.12.0,0.5.12,0.6.0,7.2.2,3.16.0
"laptop, every tool with UMAP (Polariseq default)",pbmc20k__scanpy-tuned-seed1__rep2__20261005T174328,2026-10-05T17:43:28,pbmc20k,23837,36601,54878285,scanpy-tuned-seed1,"scanpy (tuned, second seed)",,2,ok,,4,6.0,True,2000,50,15,1.0,200,0,42.962,13.731,0.2543,0.5059,0.4978,0.0713,0.1403,0.4779,,0.66,0.9284,0.4446,9.7501,2.035,1.788,1.706,1.876,23766,2000,22,ram,,Apple M2,8.59,Darwin 23.4.0,3.14.6,0.1.0b1,1.12.3,0.13.2,2.4.6,1.18.0,3.0.5,0.66.0,1.0.0,0.12.0,0.5.12,0.6.0,7.2.2,3.16.0
"laptop, every tool with UMAP (Polariseq default)",pbmc20k__scanpy-tuned-seed1__rep3__20261005T174723,2026-10-05T17:47:23,pbmc20k,23837,36601,54878285,scanpy-tuned-seed1,"scanpy (tuned, second seed)",,3,ok,,4,6.0,True,2000,50,15,1.0,200,0,42.679,13.856,0.2888,0.5686,0.4874,0.075,0.1403,0.494,,0.6544,0.9995,0.4246,9.7237,2.034,1.582,1.488,1.489,23766,2000,22,ram,,Apple M2,8.59,Darwin 23.4.0,3.14.6,0.1.0b1,1.12.3,0.13.2,2.4.6,1.18.0,3.0.5,0.66.0,1.0.0,0.12.0,0.5.12,0.6.0,7.2.2,3.16.0
"laptop, every tool with UMAP (Polariseq default)",pbmc20k__scanpy-tuned-seed1__rep4__20261005T174827,2026-10-05T17:48:27,pbmc20k,23837,36601,54878285,scanpy-tuned-seed1,"scanpy (tuned, second seed)",,4,ok,,4,6.0,True,2000,50,15,1.0,200,0,42.596,13.697,0.2414,0.5113,0.501,0.0764,0.1403,0.494,,0.6284,0.9433,0.4083,9.753,2.044,1.797,1.606,1.659,23766,2000,22,ram,,Apple M2,8.59,Darwin 23.4.0,3.14.6,0.1.0b1,1.12.3,0.13.2,2.4.6,1.18.0,3.0.5,0.66.0,1.0.0,0.12.0,0.5.12,0.6.0,7.2.2,3.16.0
"laptop, every tool with UMAP (Polariseq default)",pbmc20k__scanpy-tuned-seed1__rep5__20261005T175303,2026-10-05T17:53:03,pbmc20k,23837,36601,54878285,scanpy-tuned-seed1,"scanpy (tuned, second seed)",,5,ok,,4,6.0,True,2000,50,15,1.0,200,0,43.425,13.99,0.2471,0.5613,0.5653,0.0731,0.1404,0.5151,,0.6354,0.9451,0.4234,9.8841,2.047,1.561,1.454,1.559,23766,2000,22,ram,,Apple M2,8.59,Darwin 23.4.0,3.14.6,0.1.0b1,1.12.3,0.13.2,2.4.6,1.18.0,3.0.5,0.66.0,1.0.0,0.12.0,0.5.12,0.6.0,7.2.2,3.16.0
"laptop, every tool with UMAP (Polariseq default)",pbmc20k__scanpy-tuned__rep1__20261005T174118,2026-10-05T17:41:18,pbmc20k,23837,36601,54878285,scanpy-tuned,scanpy (tuned),,1,ok,,4,6.0,True,2000,50,15,1.0,200,0,43.598,14.165,0.3194,0.5839,0.5654,0.0909,0.1627,0.6521,,0.6278,0.9403,0.4347,9.7874,2.036,1.368,1.278,1.55,23766,2000,22,ram,,Apple M2,8.59,Darwin 23.4.0,3.14.6,0.1.0b1,1.12.3,0.13.2,2.4.6,1.18.0,3.0.5,0.66.0,1.0.0,0.12.0,0.5.12,0.6.0,7.2.2,3.16.0
"laptop, every tool with UMAP (Polariseq default)",pbmc20k__scanpy-tuned__rep2__20261005T174432,2026-10-05T17:44:32,pbmc20k,23837,36601,54878285,scanpy-tuned,scanpy (tuned),,2,ok,,4,6.0,True,2000,50,15,1.0,200,0,43.579,13.952,0.3253,0.5577,0.4884,0.0778,0.1412,0.4853,,0.6339,0.9254,0.4292,9.8881,1.99,1.599,1.456,1.627,23766,2000,22,ram,,Apple M2,8.59,Darwin 23.4.0,3.14.6,0.1.0b1,1.12.3,0.13.2,2.4.6,1.18.0,3.0.5,0.66.0,1.0.0,0.12.0,0.5.12,0.6.0,7.2.2,3.16.0
"laptop, every tool with UMAP (Polariseq default)",pbmc20k__scanpy-tuned__rep3__20261005T174619,2026-10-05T17:46:19,pbmc20k,23837,36601,54878285,scanpy-tuned,scanpy (tuned),,3,ok,,4,6.0,True,2000,50,15,1.0,200,0,42.896,13.998,0.2603,0.5418,0.541,0.08,0.1543,0.4924,,0.6352,1.0426,0.4608,9.79,2.039,1.577,1.473,1.496,23766,2000,22,ram,,Apple M2,8.59,Darwin 23.4.0,3.14.6,0.1.0b1,1.12.3,0.13.2,2.4.6,1.18.0,3.0.5,0.66.0,1.0.0,0.12.0,0.5.12,0.6.0,7.2.2,3.16.0
"laptop, every tool with UMAP (Polariseq default)",pbmc20k__scanpy-tuned__rep4__20261005T174932,2026-10-05T17:49:32,pbmc20k,23837,36601,54878285,scanpy-tuned,scanpy (tuned),,4,ok,,4,6.0,True,2000,50,15,1.0,200,0,43.071,13.758,0.2753,0.5226,0.4793,0.0717,0.141,0.4923,,0.6422,0.9434,0.443,9.7477,2.027,1.458,1.542,1.499,23766,2000,22,ram,,Apple M2,8.59,Darwin 23.4.0,3.14.6,0.1.0b1,1.12.3,0.13.2,2.4.6,1.18.0,3.0.5,0.66.0,1.0.0,0.12.0,0.5.12,0.6.0,7.2.2,3.16.0
"laptop, every tool with UMAP (Polariseq default)",pbmc20k__scanpy-tuned__rep5__20261005T175219,2026-10-05T17:52:19,pbmc20k,23837,36601,54878285,scanpy-tuned,scanpy (tuned),,5,ok,,4,6.0,True,2000,50,15,1.0,200,0,43.226,13.979,0.317,0.6299,0.4812,0.0826,0.1534,0.5333,,0.6347,0.955,0.4548,9.7371,1.992,1.486,1.355,1.512,23766,2000,22,ram,,Apple M2,8.59,Darwin 23.4.0,3.14.6,0.1.0b1,1.12.3,0.13.2,2.4.6,1.18.0,3.0.5,0.66.0,1.0.0,0.12.0,0.5.12,0.6.0,7.2.2,3.16.0
"laptop, every tool with UMAP (Polariseq default)",pbmc20k__scarf__rep1__20261005T181717,2026-10-05T18:17:17,pbmc20k,23837,36601,54878285,scarf,"Scarf (Zarr, out-of-core)",,1,ok,,4,6.0,True,2000,50,15,1.0,200,0,67.785,47.593,4.7962,0.0,0.0018,0.0,0.0,7.1331,,28.6639,0.0,2.0754,4.9227,0.522,1.409,0.392,2.727,23766,2000,23,zarr,,Apple M2,8.59,Darwin 23.4.0,3.14.6,0.1.0b1,1.12.3,0.13.2,2.4.6,1.18.0,3.0.5,0.66.0,1.0.0,0.12.0,0.5.12,0.6.0,7.2.2,3.16.0
"laptop, every tool with UMAP (Polariseq default)",pbmc20k__scarf__rep2__20261005T182022,2026-10-05T18:20:22,pbmc20k,23837,36601,54878285,scarf,"Scarf (Zarr, out-of-core)",,2,ok,,4,6.0,True,2000,50,15,1.0,200,0,63.905,43.481,4.7975,0.0,0.002,0.0,0.0,6.6912,,25.4281,0.0,2.0509,4.5112,0.443,1.652,0.395,2.912,23766,2000,23,zarr,,Apple M2,8.59,Darwin 23.4.0,3.14.6,0.1.0b1,1.12.3,0.13.2,2.4.6,1.18.0,3.0.5,0.66.0,1.0.0,0.12.0,0.5.12,0.6.0,7.2.2,3.16.0
"laptop, every tool with UMAP (Polariseq default)",pbmc20k__scarf__rep3__20261005T182225,2026-10-05T18:22:25,pbmc20k,23837,36601,54878285,scarf,"Scarf (Zarr, out-of-core)",,3,ok,,4,6.0,True,2000,50,15,1.0,200,0,62.297,42.433,4.5864,0.0,0.0018,0.0,0.0,6.6403,,24.7986,0.0,2.0183,4.3873,0.449,1.635,0.394,2.855,23766,2000,23,zarr,,Apple M2,8.59,Darwin 23.4.0,3.14.6,0.1.0b1,1.12.3,0.13.2,2.4.6,1.18.0,3.0.5,0.66.0,1.0.0,0.12.0,0.5.12,0.6.0,7.2.2,3.16.0
"laptop, every tool with UMAP (Polariseq default)",pbmc20k__seurat-bpcells__rep1__20261005T181544,2026-10-05T18:15:44,pbmc20k,23837,36601,54878285,seurat-bpcells,"Seurat (BPCells, disk-backed)",,1,ok,,4,6.0,True,2000,50,15,1.0,200,0,81.161,76.015,0.5416,0.1332,0.3021,0.8885,0.0,1.2986,,48.8531,3.2451,4.1753,16.5779,0.692,1.423,0.112,3.068,23766,2000,21,bpcells,,Apple M2,8.59,Darwin 23.4.0,3.14.6,0.1.0b1,1.12.3,0.13.2,2.4.6,1.18.0,3.0.5,0.66.0,1.0.0,0.12.0,0.5.12,0.6.0,7.2.2,3.16.0
"laptop, every tool with UMAP (Polariseq default)",pbmc20k__seurat-bpcells__rep2__20261005T181826,2026-10-05T18:18:26,pbmc20k,23837,36601,54878285,seurat-bpcells,"Seurat (BPCells, disk-backed)",,2,ok,,4,6.0,True,2000,50,15,1.0,200,0,82.211,77.107,0.5466,0.148,0.4006,0.7477,0.0,1.313,,49.52,3.2838,4.2487,16.8986,0.69,1.427,0.113,2.802,23766,2000,21,bpcells,,Apple M2,8.59,Darwin 23.4.0,3.14.6,0.1.0b1,1.12.3,0.13.2,2.4.6,1.18.0,3.0.5,0.66.0,1.0.0,0.12.0,0.5.12,0.6.0,7.2.2,3.16.0
"laptop, every tool with UMAP (Polariseq default)",pbmc20k__seurat-bpcells__rep3__20261005T182412,2026-10-05T18:24:12,pbmc20k,23837,36601,54878285,seurat-bpcells,"Seurat (BPCells, disk-backed)",,3,ok,,4,6.0,True,2000,50,15,1.0,200,0,80.475,75.623,0.5519,0.1311,0.3896,0.7508,0.0,1.3299,,48.7554,3.2011,4.0855,16.4276,0.693,1.509,0.111,3.181,23766,2000,21,bpcells,,Apple M2,8.59,Darwin 23.4.0,3.14.6,0.1.0b1,1.12.3,0.13.2,2.4.6,1.18.0,3.0.5,0.66.0,1.0.0,0.12.0,0.5.12,0.6.0,7.2.2,3.16.0
"laptop, every tool with UMAP (Polariseq default)",pbmc20k__seurat-tuned__rep1__20261005T181456,2026-10-05T18:14:56,pbmc20k,23837,36601,54878285,seurat-tuned,Seurat (tuned),,1,ok,,4,6.0,True,2000,50,15,1.0,200,0,46.588,41.521,2.8186,1.0165,1.2953,3.1133,0.0,2.7361,,6.6,3.1144,3.9235,16.9032,5.56,2.314,0.998,1.27,23766,2000,22,ram,,Apple M2,8.59,Darwin 23.4.0,3.14.6,0.1.0b1,1.12.3,0.13.2,2.4.6,1.18.0,3.0.5,0.66.0,1.0.0,0.12.0,0.5.12,0.6.0,7.2.2,3.16.0
"laptop, every tool with UMAP (Polariseq default)",pbmc20k__seurat-tuned__rep2__20261005T182127,2026-10-05T18:21:27,pbmc20k,23837,36601,54878285,seurat-tuned,Seurat (tuned),,2,ok,,4,6.0,True,2000,50,15,1.0,200,0,45.513,40.211,2.6617,0.7785,0.7902,3.0812,0.0,2.7043,,6.2701,3.1232,4.0574,16.7439,5.545,2.769,0.996,1.278,23766,2000,22,ram,,Apple M2,8.59,Darwin 23.4.0,3.14.6,0.1.0b1,1.12.3,0.13.2,2.4.6,1.18.0,3.0.5,0.66.0,1.0.0,0.12.0,0.5.12,0.6.0,7.2.2,3.16.0
"laptop, every tool with UMAP (Polariseq default)",pbmc20k__seurat-tuned__rep3__20261005T182328,2026-10-05T18:23:28,pbmc20k,23837,36601,54878285,seurat-tuned,Seurat (tuned),,3,ok,,4,6.0,True,2000,50,15,1.0,200,0,42.769,38.393,2.4646,0.6802,0.7532,2.5502,0.0,2.5449,,5.6465,3.0646,3.9709,16.718,5.525,3.336,0.984,1.311,23766,2000,22,ram,,Apple M2,8.59,Darwin 23.4.0,3.14.6,0.1.0b1,1.12.3,0.13.2,2.4.6,1.18.0,3.0.5,0.66.0,1.0.0,0.12.0,0.5.12,0.6.0,7.2.2,3.16.0
"laptop, every tool with UMAP (Polariseq default)",pbmc3k__bpcells-native__rep1__20261005T175625,2026-10-05T17:56:25,pbmc3k,2700,32738,2286884,bpcells-native,"BPCells (native, disk-backed)",,1,ok,,4,6.0,True,2000,50,15,1.0,200,0,3.922,1.732,0.0055,0.0238,0.0005,0.0016,0.0006,0.045,,0.2171,0.2429,0.0419,1.1533,0.265,0.481,0.105,2.119,2700,2000,9,bpcells,,Apple M2,8.59,Darwin 23.4.0,3.14.6,0.1.0b1,1.12.3,0.13.2,2.4.6,1.18.0,3.0.5,0.66.0,1.0.0,0.12.0,0.5.12,0.6.0,7.2.2,3.16.0
"laptop, every tool with UMAP (Polariseq default)",pbmc3k__bpcells-native__rep2__20261005T175806,2026-10-05T17:58:06,pbmc3k,2700,32738,2286884,bpcells-native,"BPCells (native, disk-backed)",,2,ok,,4,6.0,True,2000,50,15,1.0,200,0,3.974,1.728,0.0055,0.025,0.0005,0.0016,0.0006,0.0455,,0.2059,0.2451,0.0419,1.1559,0.273,0.487,0.106,1.804,2700,2000,9,bpcells,,Apple M2,8.59,Darwin 23.4.0,3.14.6,0.1.0b1,1.12.3,0.13.2,2.4.6,1.18.0,3.0.5,0.66.0,1.0.0,0.12.0,0.5.12,0.6.0,7.2.2,3.16.0
"laptop, every tool with UMAP (Polariseq default)",pbmc3k__bpcells-native__rep3__20261005T175908,2026-10-05T17:59:08,pbmc3k,2700,32738,2286884,bpcells-native,"BPCells (native, disk-backed)",,3,ok,,4,6.0,True,2000,50,15,1.0,200,0,3.887,1.746,0.0056,0.0251,0.0006,0.0016,0.0006,0.0457,,0.2044,0.2422,0.0764,1.1439,0.257,0.471,0.104,1.859,2700,2000,9,bpcells,,Apple M2,8.59,Darwin 23.4.0,3.14.6,0.1.0b1,1.12.3,0.13.2,2.4.6,1.18.0,3.0.5,0.66.0,1.0.0,0.12.0,0.5.12,0.6.0,7.2.2,3.16.0
"laptop, every tool with UMAP (Polariseq default)",pbmc3k__polariseq-ram__rep1__20261005T135609,2026-10-05T13:56:09,pbmc3k,2700,32738,2286884,polariseq-ram,Polariseq (in-RAM),polariseq,1,ok,,4,6.0,True,2000,50,15,1.0,200,0,2.096,1.314,0.0611,0.0078,0.0009,0.0008,0.0015,0.0204,0.0037,0.694,0.1045,0.0115,0.4077,0.251,0.432,0.25,1.688,2700,2000,9,ram,4,Apple M2,8.59,Darwin 23.4.0,3.14.6,0.1.0b1,1.12.3,0.13.2,2.4.6,1.18.0,3.0.5,0.66.0,1.0.0,0.12.0,0.5.12,0.6.0,7.2.2,3.16.0
"laptop, every tool with UMAP (Polariseq default)",pbmc3k__polariseq-ram__rep2__20261005T135659,2026-10-05T13:56:59,pbmc3k,2700,32738,2286884,polariseq-ram,Polariseq (in-RAM),polariseq,2,ok,,4,6.0,True,2000,50,15,1.0,200,0,1.586,1.237,0.0396,0.0059,0.0002,0.0007,0.0015,0.0182,0.0035,0.6715,0.0734,0.0111,0.4117,0.251,0.455,0.25,1.675,2700,2000,9,ram,4,Apple M2,8.59,Darwin 23.4.0,3.14.6,0.1.0b1,1.12.3,0.13.2,2.4.6,1.18.0,3.0.5,0.66.0,1.0.0,0.12.0,0.5.12,0.6.0,7.2.2,3.16.0
"laptop, every tool with UMAP (Polariseq default)",pbmc3k__polariseq-ram__rep3__20261005T135702,2026-10-05T13:57:02,pbmc3k,2700,32738,2286884,polariseq-ram,Polariseq (in-RAM),polariseq,3,ok,,4,6.0,True,2000,50,15,1.0,200,0,1.585,1.241,0.035,0.0062,0.0002,0.0007,0.0015,0.0192,0.0036,0.6764,0.0756,0.0117,0.4105,0.249,0.459,0.248,1.639,2700,2000,9,ram,4,Apple M2,8.59,Darwin 23.4.0,3.14.6,0.1.0b1,1.12.3,0.13.2,2.4.6,1.18.0,3.0.5,0.66.0,1.0.0,0.12.0,0.5.12,0.6.0,7.2.2,3.16.0
"laptop, every tool with UMAP (Polariseq default)",pbmc3k__polariseq-ram__rep4__20261005T135710,2026-10-05T13:57:10,pbmc3k,2700,32738,2286884,polariseq-ram,Polariseq (in-RAM),polariseq,4,ok,,4,6.0,True,2000,50,15,1.0,200,0,1.572,1.231,0.0353,0.0067,0.0002,0.0007,0.0015,0.0184,0.0036,0.6733,0.0696,0.0123,0.4098,0.248,0.453,0.247,1.681,2700,2000,9,ram,4,Apple M2,8.59,Darwin 23.4.0,3.14.6,0.1.0b1,1.12.3,0.13.2,2.4.6,1.18.0,3.0.5,0.66.0,1.0.0,0.12.0,0.5.12,0.6.0,7.2.2,3.16.0
"laptop, every tool with UMAP (Polariseq default)",pbmc3k__polariseq-ram__rep5__20261005T135712,2026-10-05T13:57:12,pbmc3k,2700,32738,2286884,polariseq-ram,Polariseq (in-RAM),polariseq,5,ok,,4,6.0,True,2000,50,15,1.0,200,0,1.549,1.211,0.0348,0.0062,0.0002,0.0007,0.0015,0.0182,0.0036,0.6527,0.069,0.0114,0.4128,0.245,0.435,0.245,1.688,2700,2000,9,ram,4,Apple M2,8.59,Darwin 23.4.0,3.14.6,0.1.0b1,1.12.3,0.13.2,2.4.6,1.18.0,3.0.5,0.66.0,1.0.0,0.12.0,0.5.12,0.6.0,7.2.2,3.16.0
"laptop, every tool with UMAP (Polariseq default)",pbmc3k__polariseq-spill__rep1__20261005T135612,2026-10-05T13:56:12,pbmc3k,2700,32738,2286884,polariseq-spill,Polariseq (out-of-core),polariseq,1,ok,,4,6.0,True,2000,50,15,1.0,200,0,2.193,0.408,,,,,,,,,,,0.4084,0.26,0.451,0.238,1.651,2700,2000,9,spill,4,Apple M2,8.59,Darwin 23.4.0,3.14.6,0.1.0b1,1.12.3,0.13.2,2.4.6,1.18.0,3.0.5,0.66.0,1.0.0,0.12.0,0.5.12,0.6.0,7.2.2,3.16.0
"laptop, every tool with UMAP (Polariseq default)",pbmc3k__polariseq-spill__rep2__20261005T135656,2026-10-05T13:56:56,pbmc3k,2700,32738,2286884,polariseq-spill,Polariseq (out-of-core),polariseq,2,ok,,4,6.0,True,2000,50,15,1.0,200,0,1.814,0.411,,,,,,,,,,,0.4114,0.301,0.432,0.274,1.638,2700,2000,9,spill,4,Apple M2,8.59,Darwin 23.4.0,3.14.6,0.1.0b1,1.12.3,0.13.2,2.4.6,1.18.0,3.0.5,0.66.0,1.0.0,0.12.0,0.5.12,0.6.0,7.2.2,3.16.0
"laptop, every tool with UMAP (Polariseq default)",pbmc3k__polariseq-spill__rep3__20261005T135704,2026-10-05T13:57:04,pbmc3k,2700,32738,2286884,polariseq-spill,Polariseq (out-of-core),polariseq,3,ok,,4,6.0,True,2000,50,15,1.0,200,0,1.761,0.412,,,,,,,,,,,0.4123,0.269,0.532,0.255,1.691,2700,2000,9,spill,4,Apple M2,8.59,Darwin 23.4.0,3.14.6,0.1.0b1,1.12.3,0.13.2,2.4.6,1.18.0,3.0.5,0.66.0,1.0.0,0.12.0,0.5.12,0.6.0,7.2.2,3.16.0
"laptop, every tool with UMAP (Polariseq default)",pbmc3k__polariseq-spill__rep4__20261005T135707,2026-10-05T13:57:07,pbmc3k,2700,32738,2286884,polariseq-spill,Polariseq (out-of-core),polariseq,4,ok,,4,6.0,True,2000,50,15,1.0,200,0,1.749,0.416,,,,,,,,,,,0.4164,0.264,0.521,0.249,1.631,2700,2000,9,spill,4,Apple M2,8.59,Darwin 23.4.0,3.14.6,0.1.0b1,1.12.3,0.13.2,2.4.6,1.18.0,3.0.5,0.66.0,1.0.0,0.12.0,0.5.12,0.6.0,7.2.2,3.16.0
"laptop, every tool with UMAP (Polariseq default)",pbmc3k__polariseq-spill__rep5__20261005T135715,2026-10-05T13:57:15,pbmc3k,2700,32738,2286884,polariseq-spill,Polariseq (out-of-core),polariseq,5,ok,,4,6.0,True,2000,50,15,1.0,200,0,1.745,0.408,,,,,,,,,,,0.4081,0.263,0.519,0.252,1.674,2700,2000,9,spill,4,Apple M2,8.59,Darwin 23.4.0,3.14.6,0.1.0b1,1.12.3,0.13.2,2.4.6,1.18.0,3.0.5,0.66.0,1.0.0,0.12.0,0.5.12,0.6.0,7.2.2,3.16.0
"laptop, every tool with UMAP (Polariseq default)",pbmc3k__scanpy-tuned-seed1__rep1__20261005T171836,2026-10-05T17:18:36,pbmc3k,2700,32738,2286884,scanpy-tuned-seed1,"scanpy (tuned, second seed)",,1,ok,,4,6.0,True,2000,50,15,1.0,200,0,32.236,3.079,0.0412,0.0149,0.0231,0.0105,0.0075,0.0302,,0.1373,0.0197,0.051,2.7434,0.648,0.915,0.612,2.803,2700,2000,9,ram,,Apple M2,8.59,Darwin 23.4.0,3.14.6,0.1.0b1,1.12.3,0.13.2,2.4.6,1.18.0,3.0.5,0.66.0,1.0.0,0.12.0,0.5.12,0.6.0,7.2.2,3.16.0
"laptop, every tool with UMAP (Polariseq default)",pbmc3k__scanpy-tuned-seed1__rep2__20261005T171910,2026-10-05T17:19:10,pbmc3k,2700,32738,2286884,scanpy-tuned-seed1,"scanpy (tuned, second seed)",,2,ok,,4,6.0,True,2000,50,15,1.0,200,0,48.016,5.484,0.0824,0.0245,0.0338,0.0176,0.0105,0.049,,0.2378,0.0289,0.0859,4.914,0.655,0.923,0.619,2.719,2700,2000,9,ram,,Apple M2,8.59,Darwin 23.4.0,3.14.6,0.1.0b1,1.12.3,0.13.2,2.4.6,1.18.0,3.0.5,0.66.0,1.0.0,0.12.0,0.5.12,0.6.0,7.2.2,3.16.0
"laptop, every tool with UMAP (Polariseq default)",pbmc3k__scanpy-tuned-seed1__rep3__20261005T172151,2026-10-05T17:21:51,pbmc3k,2700,32738,2286884,scanpy-tuned-seed1,"scanpy (tuned, second seed)",,3,ok,,4,6.0,True,2000,50,15,1.0,200,0,35.272,3.107,0.0566,0.013,0.0242,0.0125,0.0062,0.0337,,0.1365,0.0247,0.0504,2.7488,0.657,0.886,0.607,2.742,2700,2000,9,ram,,Apple M2,8.59,Darwin 23.4.0,3.14.6,0.1.0b1,1.12.3,0.13.2,2.4.6,1.18.0,3.0.5,0.66.0,1.0.0,0.12.0,0.5.12,0.6.0,7.2.2,3.16.0
"laptop, every tool with UMAP (Polariseq default)",pbmc3k__scanpy-tuned-seed1__rep4__20261005T172227,2026-10-05T17:22:27,pbmc3k,2700,32738,2286884,scanpy-tuned-seed1,"scanpy (tuned, second seed)",,4,ok,,4,6.0,True,2000,50,15,1.0,200,0,32.58,3.106,0.0585,0.0163,0.0231,0.0095,0.0064,0.0344,,0.137,0.0202,0.0476,2.7531,0.652,0.906,0.608,2.722,2700,2000,9,ram,,Apple M2,8.59,Darwin 23.4.0,3.14.6,0.1.0b1,1.12.3,0.13.2,2.4.6,1.18.0,3.0.5,0.66.0,1.0.0,0.12.0,0.5.12,0.6.0,7.2.2,3.16.0
"laptop, every tool with UMAP (Polariseq default)",pbmc3k__scanpy-tuned-seed1__rep5__20261005T172408,2026-10-05T17:24:08,pbmc3k,2700,32738,2286884,scanpy-tuned-seed1,"scanpy (tuned, second seed)",,5,ok,,4,6.0,True,2000,50,15,1.0,200,0,31.937,3.04,0.0403,0.0139,0.0215,0.0114,0.0062,0.0326,,0.1364,0.02,0.045,2.7122,0.642,0.911,0.606,2.723,2700,2000,9,ram,,Apple M2,8.59,Darwin 23.4.0,3.14.6,0.1.0b1,1.12.3,0.13.2,2.4.6,1.18.0,3.0.5,0.66.0,1.0.0,0.12.0,0.5.12,0.6.0,7.2.2,3.16.0
"laptop, every tool with UMAP (Polariseq default)",pbmc3k__scanpy-tuned__rep1__20261005T171801,2026-10-05T17:18:01,pbmc3k,2700,32738,2286884,scanpy-tuned,scanpy (tuned),,1,ok,,4,6.0,True,2000,50,15,1.0,200,0,34.084,3.068,0.0434,0.0134,0.0233,0.0105,0.0062,0.0334,,0.1384,0.0184,0.0477,2.7332,0.644,0.911,0.608,2.752,2700,2000,9,ram,,Apple M2,8.59,Darwin 23.4.0,3.14.6,0.1.0b1,1.12.3,0.13.2,2.4.6,1.18.0,3.0.5,0.66.0,1.0.0,0.12.0,0.5.12,0.6.0,7.2.2,3.16.0
"laptop, every tool with UMAP (Polariseq default)",pbmc3k__scanpy-tuned__rep2__20261005T171959,2026-10-05T17:19:59,pbmc3k,2700,32738,2286884,scanpy-tuned,scanpy (tuned),,2,ok,,4,6.0,True,2000,50,15,1.0,200,0,54.96,5.38,0.0691,0.0235,0.0342,0.0167,0.0103,0.0571,,0.2334,0.0291,0.0837,4.823,0.646,0.907,0.611,2.766,2700,2000,9,ram,,Apple M2,8.59,Darwin 23.4.0,3.14.6,0.1.0b1,1.12.3,0.13.2,2.4.6,1.18.0,3.0.5,0.66.0,1.0.0,0.12.0,0.5.12,0.6.0,7.2.2,3.16.0
"laptop, every tool with UMAP (Polariseq default)",pbmc3k__scanpy-tuned__rep3__20261005T172055,2026-10-05T17:20:55,pbmc3k,2700,32738,2286884,scanpy-tuned,scanpy (tuned),,3,ok,,4,6.0,True,2000,50,15,1.0,200,0,54.606,5.38,0.0628,0.0241,0.0342,0.018,0.0104,0.0514,,0.2368,0.0301,0.0768,4.8357,0.655,0.914,0.611,2.763,2700,2000,9,ram,,Apple M2,8.59,Darwin 23.4.0,3.14.6,0.1.0b1,1.12.3,0.13.2,2.4.6,1.18.0,3.0.5,0.66.0,1.0.0,0.12.0,0.5.12,0.6.0,7.2.2,3.16.0
"laptop, every tool with UMAP (Polariseq default)",pbmc3k__scanpy-tuned__rep4__20261005T172301,2026-10-05T17:23:01,pbmc3k,2700,32738,2286884,scanpy-tuned,scanpy (tuned),,4,ok,,4,6.0,True,2000,50,15,1.0,200,0,32.681,3.11,0.0602,0.0162,0.021,0.0099,0.0069,0.0306,,0.1431,0.0213,0.0519,2.7489,0.642,0.917,0.605,2.628,2700,2000,9,ram,,Apple M2,8.59,Darwin 23.4.0,3.14.6,0.1.0b1,1.12.3,0.13.2,2.4.6,1.18.0,3.0.5,0.66.0,1.0.0,0.12.0,0.5.12,0.6.0,7.2.2,3.16.0
"laptop, every tool with UMAP (Polariseq default)",pbmc3k__scanpy-tuned__rep5__20261005T172334,2026-10-05T17:23:34,pbmc3k,2700,32738,2286884,scanpy-tuned,scanpy (tuned),,5,ok,,4,6.0,True,2000,50,15,1.0,200,0,32.238,3.042,0.0414,0.0134,0.0209,0.0093,0.0062,0.03,,0.1379,0.019,0.0475,2.7167,0.652,0.922,0.617,2.699,2700,2000,9,ram,,Apple M2,8.59,Darwin 23.4.0,3.14.6,0.1.0b1,1.12.3,0.13.2,2.4.6,1.18.0,3.0.5,0.66.0,1.0.0,0.12.0,0.5.12,0.6.0,7.2.2,3.16.0
"laptop, every tool with UMAP (Polariseq default)",pbmc3k__scarf__rep1__20261005T175630,2026-10-05T17:56:30,pbmc3k,2700,32738,2286884,scarf,"Scarf (Zarr, out-of-core)",,1,ok,,4,6.0,True,2000,50,15,1.0,200,0,25.385,5.919,0.9108,0.0,0.0016,0.0,0.0,1.1714,,2.9488,0.0,0.2091,0.6777,0.462,1.011,0.39,1.92,2700,2000,9,zarr,,Apple M2,8.59,Darwin 23.4.0,3.14.6,0.1.0b1,1.12.3,0.13.2,2.4.6,1.18.0,3.0.5,0.66.0,1.0.0,0.12.0,0.5.12,0.6.0,7.2.2,3.16.0
"laptop, every tool with UMAP (Polariseq default)",pbmc3k__scarf__rep2__20261005T175811,2026-10-05T17:58:11,pbmc3k,2700,32738,2286884,scarf,"Scarf (Zarr, out-of-core)",,2,ok,,4,6.0,True,2000,50,15,1.0,200,0,23.654,5.825,0.857,0.0,0.0016,0.0,0.0,1.2034,,2.8721,0.0,0.2121,0.6784,0.456,0.927,0.332,1.552,2700,2000,9,zarr,,Apple M2,8.59,Darwin 23.4.0,3.14.6,0.1.0b1,1.12.3,0.13.2,2.4.6,1.18.0,3.0.5,0.66.0,1.0.0,0.12.0,0.5.12,0.6.0,7.2.2,3.16.0
"laptop, every tool with UMAP (Polariseq default)",pbmc3k__scarf__rep3__20261005T175934,2026-10-05T17:59:34,pbmc3k,2700,32738,2286884,scarf,"Scarf (Zarr, out-of-core)",,3,ok,,4,6.0,True,2000,50,15,1.0,200,0,23.173,5.774,0.867,0.0,0.0017,0.0,0.0,1.1372,,2.8878,0.0,0.2199,0.6599,0.471,0.908,0.368,1.751,2700,2000,9,zarr,,Apple M2,8.59,Darwin 23.4.0,3.14.6,0.1.0b1,1.12.3,0.13.2,2.4.6,1.18.0,3.0.5,0.66.0,1.0.0,0.12.0,0.5.12,0.6.0,7.2.2,3.16.0
"laptop, every tool with UMAP (Polariseq default)",pbmc3k__seurat-bpcells__rep1__20261005T175518,2026-10-05T17:55:18,pbmc3k,2700,32738,2286884,seurat-bpcells,"Seurat (BPCells, disk-backed)",,1,ok,,4,6.0,True,2000,50,15,1.0,200,0,66.239,62.443,0.0768,0.0202,0.0084,0.1896,0.0,0.3891,,57.0067,0.3931,0.6093,3.7498,0.532,0.827,0.107,1.983,2700,2000,7,bpcells,,Apple M2,8.59,Darwin 23.4.0,3.14.6,0.1.0b1,1.12.3,0.13.2,2.4.6,1.18.0,3.0.5,0.66.0,1.0.0,0.12.0,0.5.12,0.6.0,7.2.2,3.16.0
"laptop, every tool with UMAP (Polariseq default)",pbmc3k__seurat-bpcells__rep2__20261005T175657,2026-10-05T17:56:57,pbmc3k,2700,32738,2286884,seurat-bpcells,"Seurat (BPCells, disk-backed)",,2,ok,,4,6.0,True,2000,50,15,1.0,200,0,68.721,64.779,0.0791,0.0208,0.0085,0.1915,0.0,0.3902,,59.1854,0.4593,0.606,3.8377,0.588,0.701,0.108,1.52,2700,2000,7,bpcells,,Apple M2,8.59,Darwin 23.4.0,3.14.6,0.1.0b1,1.12.3,0.13.2,2.4.6,1.18.0,3.0.5,0.66.0,1.0.0,0.12.0,0.5.12,0.6.0,7.2.2,3.16.0
"laptop, every tool with UMAP (Polariseq default)",pbmc3k__seurat-bpcells__rep3__20261005T180050,2026-10-05T18:00:50,pbmc3k,2700,32738,2286884,seurat-bpcells,"Seurat (BPCells, disk-backed)",,3,ok,,4,6.0,True,2000,50,15,1.0,200,0,65.846,62.15,0.0786,0.0208,0.0084,0.189,0.0,0.3949,,56.6968,0.4507,0.602,3.7085,0.577,0.734,0.107,1.741,2700,2000,7,bpcells,,Apple M2,8.59,Darwin 23.4.0,3.14.6,0.1.0b1,1.12.3,0.13.2,2.4.6,1.18.0,3.0.5,0.66.0,1.0.0,0.12.0,0.5.12,0.6.0,7.2.2,3.16.0
"laptop, every tool with UMAP (Polariseq default)",pbmc3k__seurat-tuned__rep1__20261005T175506,2026-10-05T17:55:06,pbmc3k,2700,32738,2286884,seurat-tuned,Seurat (tuned),,1,ok,,4,6.0,True,2000,50,15,1.0,200,0,11.121,7.435,0.388,0.0401,0.009,0.3204,0.0,0.4178,,1.6516,0.3706,0.502,3.7354,0.824,1.156,0.163,1.948,2700,2000,7,ram,,Apple M2,8.59,Darwin 23.4.0,3.14.6,0.1.0b1,1.12.3,0.13.2,2.4.6,1.18.0,3.0.5,0.66.0,1.0.0,0.12.0,0.5.12,0.6.0,7.2.2,3.16.0
"laptop, every tool with UMAP (Polariseq default)",pbmc3k__seurat-tuned__rep2__20261005T175857,2026-10-05T17:58:57,pbmc3k,2700,32738,2286884,seurat-tuned,Seurat (tuned),,2,ok,,4,6.0,True,2000,50,15,1.0,200,0,10.609,7.339,0.4934,0.0384,0.0092,0.3354,0.0,0.4065,,1.5332,0.3743,0.4465,3.7024,0.838,0.998,0.164,1.561,2700,2000,7,ram,,Apple M2,8.59,Darwin 23.4.0,3.14.6,0.1.0b1,1.12.3,0.13.2,2.4.6,1.18.0,3.0.5,0.66.0,1.0.0,0.12.0,0.5.12,0.6.0,7.2.2,3.16.0
"laptop, every tool with UMAP (Polariseq default)",pbmc3k__seurat-tuned__rep3__20261005T180018,2026-10-05T18:00:18,pbmc3k,2700,32738,2286884,seurat-tuned,Seurat (tuned),,3,ok,,4,6.0,True,2000,50,15,1.0,200,0,10.364,7.196,0.3868,0.0523,0.0086,0.316,0.0,0.413,,1.5194,0.3661,0.4534,3.6809,0.837,1.117,0.162,1.643,2700,2000,7,ram,,Apple M2,8.59,Darwin 23.4.0,3.14.6,0.1.0b1,1.12.3,0.13.2,2.4.6,1.18.0,3.0.5,0.66.0,1.0.0,0.12.0,0.5.12,0.6.0,7.2.2,3.16.0
