campaign,run_id,timestamp,dataset,n_cells,n_genes,stored_values,tool,tool_label,workflow,rep,status,note,threads,budget_gb,with_umap,n_hvg,n_pcs,n_neighbors,resolution,min_genes,seed,wall_s,pipeline_s,load_s,preprocess_s,qc_s,filter_cells_s,normalize_s,log1p_s,hvg_s,renormalize_s,pca_s,neighbors_s,leiden_s,umap_s,peak_footprint_gb,peak_rss_gb,peak_uss_gb,min_free_gb,cells_kept,genes_kept,clusters,storage,threads_used,cpu,ram_gb,os,version_python,version_polariseq,version_scanpy,version_anndata,version_numpy,version_scipy,version_pandas,version_numba,version_igraph,version_leidenalg,version_umap-learn,version_pynndescent,version_psutil,version_h5py
"laptop, Polariseq default, no UMAP",brain1000k__polariseq-ram__rep1__20261005T085718,2026-10-05T08:57:18,brain1000k,1000000,27998,2009685138,polariseq-ram,Polariseq (in-RAM),,1,exceeds_memory,"stopped when its footprint passed 12.9 GB, the campaign's limit (1.5x installed memory)",4,6.0,False,2000,50,15,1.0,200,0,11.12,,,,,,,,,,,,,,12.971,1.042,,0.592,,,,,,Apple M2,8.59,Darwin 23.4.0,3.14.6,0.1.0b1,1.12.3,0.13.2,2.4.6,1.18.0,3.0.5,0.66.0,1.0.0,0.12.0,0.5.12,0.6.0,7.2.2,3.16.0
"laptop, Polariseq default, no UMAP",brain1000k__polariseq-spill__rep1__20261005T085735,2026-10-05T08:57:35,brain1000k,1000000,27998,2009685138,polariseq-spill,Polariseq (out-of-core),polariseq,1,ok,,4,6.0,False,2000,50,15,1.0,200,0,149.286,148.056,,148.0564,,,,,,,,,,0.0,3.078,2.612,2.42,2.482,989627,2000,34,spill,4,Apple M2,8.59,Darwin 23.4.0,3.14.6,0.1.0b1,1.12.3,0.13.2,2.4.6,1.18.0,3.0.5,0.66.0,1.0.0,0.12.0,0.5.12,0.6.0,7.2.2,3.16.0
"laptop, Polariseq default, no UMAP",brain1000k__polariseq-spill__rep2__20261005T090010,2026-10-05T09:00:10,brain1000k,1000000,27998,2009685138,polariseq-spill,Polariseq (out-of-core),polariseq,2,ok,,4,6.0,False,2000,50,15,1.0,200,0,150.891,149.779,,149.7789,,,,,,,,,,0.0,3.105,2.43,2.228,2.412,989627,2000,34,spill,4,Apple M2,8.59,Darwin 23.4.0,3.14.6,0.1.0b1,1.12.3,0.13.2,2.4.6,1.18.0,3.0.5,0.66.0,1.0.0,0.12.0,0.5.12,0.6.0,7.2.2,3.16.0
"laptop, Polariseq default, no UMAP",brain1000k__polariseq-spill__rep3__20261005T090247,2026-10-05T09:02:47,brain1000k,1000000,27998,2009685138,polariseq-spill,Polariseq (out-of-core),polariseq,3,ok,,4,6.0,False,2000,50,15,1.0,200,0,152.811,151.779,,151.7792,,,,,,,,,,0.0,3.102,2.503,2.26,2.329,989627,2000,34,spill,4,Apple M2,8.59,Darwin 23.4.0,3.14.6,0.1.0b1,1.12.3,0.13.2,2.4.6,1.18.0,3.0.5,0.66.0,1.0.0,0.12.0,0.5.12,0.6.0,7.2.2,3.16.0
"laptop, Polariseq default, no UMAP",brain100k__polariseq-ram__rep1__20261005T082816,2026-10-05T08:28:16,brain100k,100000,27998,201050280,polariseq-ram,Polariseq (in-RAM),polariseq,1,ok,,4,6.0,False,2000,50,15,1.0,200,0,7.953,7.497,0.8207,,0.1754,0.1762,0.0718,0.126,0.4505,0.0631,3.9845,1.1347,0.4937,0.0,1.971,1.871,1.887,1.584,98929,2000,32,ram,4,Apple M2,8.59,Darwin 23.4.0,3.14.6,0.1.0b1,1.12.3,0.13.2,2.4.6,1.18.0,3.0.5,0.66.0,1.0.0,0.12.0,0.5.12,0.6.0,7.2.2,3.16.0
"laptop, Polariseq default, no UMAP",brain100k__polariseq-ram__rep2__20261005T082859,2026-10-05T08:28:59,brain100k,100000,27998,201050280,polariseq-ram,Polariseq (in-RAM),polariseq,2,ok,,4,6.0,False,2000,50,15,1.0,200,0,8.32,7.815,0.9486,,0.188,0.1827,0.0684,0.1272,0.4831,0.0678,4.1115,1.1468,0.4905,0.0,1.972,1.759,1.781,1.561,98929,2000,32,ram,4,Apple M2,8.59,Darwin 23.4.0,3.14.6,0.1.0b1,1.12.3,0.13.2,2.4.6,1.18.0,3.0.5,0.66.0,1.0.0,0.12.0,0.5.12,0.6.0,7.2.2,3.16.0
"laptop, Polariseq default, no UMAP",brain100k__polariseq-ram__rep3__20261005T082909,2026-10-05T08:29:09,brain100k,100000,27998,201050280,polariseq-ram,Polariseq (in-RAM),polariseq,3,ok,,4,6.0,False,2000,50,15,1.0,200,0,8.171,7.797,0.8898,,0.1921,0.203,0.0722,0.1273,0.4838,0.0689,4.1066,1.1597,0.4936,0.0,1.97,1.809,1.753,1.655,98929,2000,32,ram,4,Apple M2,8.59,Darwin 23.4.0,3.14.6,0.1.0b1,1.12.3,0.13.2,2.4.6,1.18.0,3.0.5,0.66.0,1.0.0,0.12.0,0.5.12,0.6.0,7.2.2,3.16.0
"laptop, Polariseq default, no UMAP",brain100k__polariseq-spill__rep1__20261005T082825,2026-10-05T08:28:25,brain100k,100000,27998,201050280,polariseq-spill,Polariseq (out-of-core),polariseq,1,ok,,4,6.0,False,2000,50,15,1.0,200,0,15.674,15.292,,15.2924,,,,,,,,,,0.0,2.179,1.879,1.542,1.553,98929,2000,36,spill,4,Apple M2,8.59,Darwin 23.4.0,3.14.6,0.1.0b1,1.12.3,0.13.2,2.4.6,1.18.0,3.0.5,0.66.0,1.0.0,0.12.0,0.5.12,0.6.0,7.2.2,3.16.0
"laptop, Polariseq default, no UMAP",brain100k__polariseq-spill__rep2__20261005T082842,2026-10-05T08:28:42,brain100k,100000,27998,201050280,polariseq-spill,Polariseq (out-of-core),polariseq,2,ok,,4,6.0,False,2000,50,15,1.0,200,0,15.02,14.56,,14.5601,,,,,,,,,,0.0,2.208,1.476,1.297,1.575,98929,2000,36,spill,4,Apple M2,8.59,Darwin 23.4.0,3.14.6,0.1.0b1,1.12.3,0.13.2,2.4.6,1.18.0,3.0.5,0.66.0,1.0.0,0.12.0,0.5.12,0.6.0,7.2.2,3.16.0
"laptop, Polariseq default, no UMAP",brain100k__polariseq-spill__rep3__20261005T082918,2026-10-05T08:29:18,brain100k,100000,27998,201050280,polariseq-spill,Polariseq (out-of-core),polariseq,3,ok,,4,6.0,False,2000,50,15,1.0,200,0,14.691,14.202,,14.2024,,,,,,,,,,0.0,2.238,1.862,1.516,1.667,98929,2000,36,spill,4,Apple M2,8.59,Darwin 23.4.0,3.14.6,0.1.0b1,1.12.3,0.13.2,2.4.6,1.18.0,3.0.5,0.66.0,1.0.0,0.12.0,0.5.12,0.6.0,7.2.2,3.16.0
"laptop, Polariseq default, no UMAP",brain1306k__polariseq-ram__rep1__20261005T090526,2026-10-05T09:05:26,brain1306k,1306127,27998,2624828308,polariseq-ram,Polariseq (in-RAM),,1,exceeds_memory,"stopped when its footprint passed 12.9 GB, the campaign's limit (1.5x installed memory)",4,6.0,False,2000,50,15,1.0,200,0,11.23,,,,,,,,,,,,,,12.903,1.334,,0.606,,,,,,Apple M2,8.59,Darwin 23.4.0,3.14.6,0.1.0b1,1.12.3,0.13.2,2.4.6,1.18.0,3.0.5,0.66.0,1.0.0,0.12.0,0.5.12,0.6.0,7.2.2,3.16.0
"laptop, Polariseq default, no UMAP",brain1306k__polariseq-spill__rep1__20261005T090545,2026-10-05T09:05:45,brain1306k,1306127,27998,2624828308,polariseq-spill,Polariseq (out-of-core),polariseq,1,ok,,4,6.0,False,2000,50,15,1.0,200,0,195.063,193.754,,193.7541,,,,,,,,,,0.0,3.891,2.947,2.262,2.249,1292537,2000,36,spill,4,Apple M2,8.59,Darwin 23.4.0,3.14.6,0.1.0b1,1.12.3,0.13.2,2.4.6,1.18.0,3.0.5,0.66.0,1.0.0,0.12.0,0.5.12,0.6.0,7.2.2,3.16.0
"laptop, Polariseq default, no UMAP",brain1306k__polariseq-spill__rep2__20261005T090907,2026-10-05T09:09:07,brain1306k,1306127,27998,2624828308,polariseq-spill,Polariseq (out-of-core),polariseq,2,ok,,4,6.0,False,2000,50,15,1.0,200,0,201.481,200.208,,200.2077,,,,,,,,,,0.0,3.867,3.161,2.199,2.089,1292537,2000,36,spill,4,Apple M2,8.59,Darwin 23.4.0,3.14.6,0.1.0b1,1.12.3,0.13.2,2.4.6,1.18.0,3.0.5,0.66.0,1.0.0,0.12.0,0.5.12,0.6.0,7.2.2,3.16.0
"laptop, Polariseq default, no UMAP",brain1306k__polariseq-spill__rep3__20261005T091236,2026-10-05T09:12:36,brain1306k,1306127,27998,2624828308,polariseq-spill,Polariseq (out-of-core),polariseq,3,ok,,4,6.0,False,2000,50,15,1.0,200,0,205.177,204.043,,204.0434,,,,,,,,,,0.0,3.824,3.103,2.386,2.087,1292537,2000,36,spill,4,Apple M2,8.59,Darwin 23.4.0,3.14.6,0.1.0b1,1.12.3,0.13.2,2.4.6,1.18.0,3.0.5,0.66.0,1.0.0,0.12.0,0.5.12,0.6.0,7.2.2,3.16.0
"laptop, Polariseq default, no UMAP",brain200k__polariseq-ram__rep1__20261005T215037,2026-10-05T21:50:37,brain200k,200000,27998,401853182,polariseq-ram,Polariseq (in-RAM),polariseq,1,ok,,4,6.0,False,2000,50,15,1.0,200,0,17.217,16.634,1.8666,,0.3832,0.5622,0.1562,0.2569,1.4496,0.1393,7.6284,3.0347,1.1572,0.0,3.841,3.198,3.164,2.121,197901,2000,35,ram,4,Apple M2,8.59,Darwin 23.4.0,3.14.6,0.1.0b1,1.12.3,0.13.2,2.4.6,1.18.0,3.0.5,0.66.0,1.0.0,0.12.0,0.5.12,0.6.0,7.2.2,3.16.0
"laptop, Polariseq default, no UMAP",brain200k__polariseq-ram__rep2__20261005T215056,2026-10-05T21:50:56,brain200k,200000,27998,401853182,polariseq-ram,Polariseq (in-RAM),polariseq,2,ok,,4,6.0,False,2000,50,15,1.0,200,0,15.956,15.515,1.4587,,0.2669,0.4394,0.1374,0.2573,1.0112,0.1306,7.6268,3.0518,1.1349,0.0,3.848,3.606,3.653,2.788,197901,2000,35,ram,4,Apple M2,8.59,Darwin 23.4.0,3.14.6,0.1.0b1,1.12.3,0.13.2,2.4.6,1.18.0,3.0.5,0.66.0,1.0.0,0.12.0,0.5.12,0.6.0,7.2.2,3.16.0
"laptop, Polariseq default, no UMAP",brain200k__polariseq-ram__rep3__20261005T215114,2026-10-05T21:51:14,brain200k,200000,27998,401853182,polariseq-ram,Polariseq (in-RAM),polariseq,3,ok,,4,6.0,False,2000,50,15,1.0,200,0,17.226,16.648,1.7697,,0.3663,0.6067,0.1682,0.2606,1.4822,0.1432,7.5983,3.023,1.2298,0.0,3.85,3.151,3.131,2.081,197901,2000,35,ram,4,Apple M2,8.59,Darwin 23.4.0,3.14.6,0.1.0b1,1.12.3,0.13.2,2.4.6,1.18.0,3.0.5,0.66.0,1.0.0,0.12.0,0.5.12,0.6.0,7.2.2,3.16.0
"laptop, Polariseq default, no UMAP",brain200k__polariseq-spill__rep1__20261005T082937,2026-10-05T08:29:37,brain200k,200000,27998,401853182,polariseq-spill,Polariseq (out-of-core),polariseq,1,ok,,4,6.0,False,2000,50,15,1.0,200,0,30.269,29.804,,29.8038,,,,,,,,,,0.0,2.22,1.855,1.707,1.649,197901,2000,34,spill,4,Apple M2,8.59,Darwin 23.4.0,3.14.6,0.1.0b1,1.12.3,0.13.2,2.4.6,1.18.0,3.0.5,0.66.0,1.0.0,0.12.0,0.5.12,0.6.0,7.2.2,3.16.0
"laptop, Polariseq default, no UMAP",brain200k__polariseq-spill__rep2__20261005T083009,2026-10-05T08:30:09,brain200k,200000,27998,401853182,polariseq-spill,Polariseq (out-of-core),polariseq,2,ok,,4,6.0,False,2000,50,15,1.0,200,0,30.132,29.48,,29.4795,,,,,,,,,,0.0,2.243,1.905,1.677,1.668,197901,2000,34,spill,4,Apple M2,8.59,Darwin 23.4.0,3.14.6,0.1.0b1,1.12.3,0.13.2,2.4.6,1.18.0,3.0.5,0.66.0,1.0.0,0.12.0,0.5.12,0.6.0,7.2.2,3.16.0
"laptop, Polariseq default, no UMAP",brain200k__polariseq-spill__rep3__20261005T083041,2026-10-05T08:30:41,brain200k,200000,27998,401853182,polariseq-spill,Polariseq (out-of-core),polariseq,3,ok,,4,6.0,False,2000,50,15,1.0,200,0,31.072,30.451,,30.4508,,,,,,,,,,0.0,2.237,1.775,1.581,1.59,197901,2000,34,spill,4,Apple M2,8.59,Darwin 23.4.0,3.14.6,0.1.0b1,1.12.3,0.13.2,2.4.6,1.18.0,3.0.5,0.66.0,1.0.0,0.12.0,0.5.12,0.6.0,7.2.2,3.16.0
"laptop, Polariseq default, no UMAP",brain300k__polariseq-ram__rep1__20261005T215133,2026-10-05T21:51:33,brain300k,300000,27998,602912005,polariseq-ram,Polariseq (in-RAM),polariseq,1,ok,,4,6.0,False,2000,50,15,1.0,200,0,28.259,27.668,3.1575,,1.0629,1.4465,0.4523,0.4108,2.7865,0.211,11.237,4.9826,1.9205,0.0,5.753,3.523,3.514,1.465,296853,2000,34,ram,4,Apple M2,8.59,Darwin 23.4.0,3.14.6,0.1.0b1,1.12.3,0.13.2,2.4.6,1.18.0,3.0.5,0.66.0,1.0.0,0.12.0,0.5.12,0.6.0,7.2.2,3.16.0
"laptop, Polariseq default, no UMAP",brain300k__polariseq-ram__rep2__20261005T215203,2026-10-05T21:52:03,brain300k,300000,27998,602912005,polariseq-ram,Polariseq (in-RAM),polariseq,2,ok,,4,6.0,False,2000,50,15,1.0,200,0,28.284,27.699,3.0643,,1.0865,1.4937,0.453,0.4164,2.9361,0.2108,11.2441,4.893,1.9007,0.0,5.749,3.508,3.531,1.435,296853,2000,34,ram,4,Apple M2,8.59,Darwin 23.4.0,3.14.6,0.1.0b1,1.12.3,0.13.2,2.4.6,1.18.0,3.0.5,0.66.0,1.0.0,0.12.0,0.5.12,0.6.0,7.2.2,3.16.0
"laptop, Polariseq default, no UMAP",brain300k__polariseq-ram__rep3__20261005T215234,2026-10-05T21:52:34,brain300k,300000,27998,602912005,polariseq-ram,Polariseq (in-RAM),polariseq,3,ok,,4,6.0,False,2000,50,15,1.0,200,0,28.43,27.784,3.027,,1.0958,1.4568,0.436,0.4827,2.8361,0.2117,11.2894,5.0428,1.9054,0.0,5.746,3.506,3.488,1.422,296853,2000,34,ram,4,Apple M2,8.59,Darwin 23.4.0,3.14.6,0.1.0b1,1.12.3,0.13.2,2.4.6,1.18.0,3.0.5,0.66.0,1.0.0,0.12.0,0.5.12,0.6.0,7.2.2,3.16.0
"laptop, Polariseq default, no UMAP",brain300k__polariseq-spill__rep1__20261005T083118,2026-10-05T08:31:18,brain300k,300000,27998,602912005,polariseq-spill,Polariseq (out-of-core),polariseq,1,ok,,4,6.0,False,2000,50,15,1.0,200,0,44.975,44.457,,44.4574,,,,,,,,,,0.0,2.259,1.689,1.486,1.447,296853,2000,32,spill,4,Apple M2,8.59,Darwin 23.4.0,3.14.6,0.1.0b1,1.12.3,0.13.2,2.4.6,1.18.0,3.0.5,0.66.0,1.0.0,0.12.0,0.5.12,0.6.0,7.2.2,3.16.0
"laptop, Polariseq default, no UMAP",brain300k__polariseq-spill__rep2__20261005T083205,2026-10-05T08:32:05,brain300k,300000,27998,602912005,polariseq-spill,Polariseq (out-of-core),polariseq,2,ok,,4,6.0,False,2000,50,15,1.0,200,0,45.424,44.697,,44.697,,,,,,,,,,0.0,2.222,1.594,1.429,1.309,296853,2000,32,spill,4,Apple M2,8.59,Darwin 23.4.0,3.14.6,0.1.0b1,1.12.3,0.13.2,2.4.6,1.18.0,3.0.5,0.66.0,1.0.0,0.12.0,0.5.12,0.6.0,7.2.2,3.16.0
"laptop, Polariseq default, no UMAP",brain300k__polariseq-spill__rep3__20261005T083253,2026-10-05T08:32:53,brain300k,300000,27998,602912005,polariseq-spill,Polariseq (out-of-core),polariseq,3,ok,,4,6.0,False,2000,50,15,1.0,200,0,45.845,45.111,,45.111,,,,,,,,,,0.0,2.25,1.573,1.465,1.318,296853,2000,32,spill,4,Apple M2,8.59,Darwin 23.4.0,3.14.6,0.1.0b1,1.12.3,0.13.2,2.4.6,1.18.0,3.0.5,0.66.0,1.0.0,0.12.0,0.5.12,0.6.0,7.2.2,3.16.0
"laptop, Polariseq default, no UMAP",brain400k__polariseq-ram__rep1__20261005T083402,2026-10-05T08:34:02,brain400k,400000,27998,803920843,polariseq-ram,Polariseq (in-RAM),polariseq,1,ok,,4,6.0,False,2000,50,15,1.0,200,0,39.206,38.581,5.1913,,1.446,2.2097,0.9998,0.7965,3.9128,0.2867,14.0368,6.984,2.7173,0.0,7.629,4.373,4.37,0.594,395879,2000,36,ram,4,Apple M2,8.59,Darwin 23.4.0,3.14.6,0.1.0b1,1.12.3,0.13.2,2.4.6,1.18.0,3.0.5,0.66.0,1.0.0,0.12.0,0.5.12,0.6.0,7.2.2,3.16.0
"laptop, Polariseq default, no UMAP",brain400k__polariseq-ram__rep2__20261005T083651,2026-10-05T08:36:51,brain400k,400000,27998,803920843,polariseq-ram,Polariseq (in-RAM),polariseq,2,ok,,4,6.0,False,2000,50,15,1.0,200,0,41.635,41.009,4.3396,,1.314,4.3118,1.2314,0.991,4.9022,0.2949,14.1177,6.8548,2.652,0.0,7.627,3.426,3.461,1.073,395879,2000,36,ram,4,Apple M2,8.59,Darwin 23.4.0,3.14.6,0.1.0b1,1.12.3,0.13.2,2.4.6,1.18.0,3.0.5,0.66.0,1.0.0,0.12.0,0.5.12,0.6.0,7.2.2,3.16.0
"laptop, Polariseq default, no UMAP",brain400k__polariseq-ram__rep3__20261005T083735,2026-10-05T08:37:35,brain400k,400000,27998,803920843,polariseq-ram,Polariseq (in-RAM),polariseq,3,ok,,4,6.0,False,2000,50,15,1.0,200,0,67.694,67.093,4.5384,,3.2922,27.3856,1.9722,0.8603,4.9957,0.2829,13.9536,7.1182,2.6941,0.0,7.623,2.811,2.8,1.257,395879,2000,36,ram,4,Apple M2,8.59,Darwin 23.4.0,3.14.6,0.1.0b1,1.12.3,0.13.2,2.4.6,1.18.0,3.0.5,0.66.0,1.0.0,0.12.0,0.5.12,0.6.0,7.2.2,3.16.0
"laptop, Polariseq default, no UMAP",brain400k__polariseq-spill__rep1__20261005T083444,2026-10-05T08:34:44,brain400k,400000,27998,803920843,polariseq-spill,Polariseq (out-of-core),polariseq,1,ok,,4,6.0,False,2000,50,15,1.0,200,0,60.463,59.712,,59.7123,,,,,,,,,,0.0,2.171,2.333,1.82,2.747,395879,2000,32,spill,4,Apple M2,8.59,Darwin 23.4.0,3.14.6,0.1.0b1,1.12.3,0.13.2,2.4.6,1.18.0,3.0.5,0.66.0,1.0.0,0.12.0,0.5.12,0.6.0,7.2.2,3.16.0
"laptop, Polariseq default, no UMAP",brain400k__polariseq-spill__rep2__20261005T083547,2026-10-05T08:35:47,brain400k,400000,27998,803920843,polariseq-spill,Polariseq (out-of-core),polariseq,2,ok,,4,6.0,False,2000,50,15,1.0,200,0,60.347,59.642,,59.642,,,,,,,,,,0.0,2.181,2.365,1.728,2.436,395879,2000,32,spill,4,Apple M2,8.59,Darwin 23.4.0,3.14.6,0.1.0b1,1.12.3,0.13.2,2.4.6,1.18.0,3.0.5,0.66.0,1.0.0,0.12.0,0.5.12,0.6.0,7.2.2,3.16.0
"laptop, Polariseq default, no UMAP",brain400k__polariseq-spill__rep3__20261005T083846,2026-10-05T08:38:46,brain400k,400000,27998,803920843,polariseq-spill,Polariseq (out-of-core),polariseq,3,ok,,4,6.0,False,2000,50,15,1.0,200,0,64.012,59.716,,59.7161,,,,,,,,,,0.0,2.182,2.349,1.784,2.387,395879,2000,32,spill,4,Apple M2,8.59,Darwin 23.4.0,3.14.6,0.1.0b1,1.12.3,0.13.2,2.4.6,1.18.0,3.0.5,0.66.0,1.0.0,0.12.0,0.5.12,0.6.0,7.2.2,3.16.0
"laptop, Polariseq default, no UMAP",brain50k__polariseq-ram__rep1__20261005T082730,2026-10-05T08:27:30,brain50k,50000,27998,100488310,polariseq-ram,Polariseq (in-RAM),polariseq,1,ok,,4,6.0,False,2000,50,15,1.0,200,0,4.819,4.409,0.332,,0.1042,0.0758,0.0343,0.0653,0.3693,0.0324,2.6941,0.48,0.2211,0.0,1.037,0.969,0.959,2.108,49462,2000,31,ram,4,Apple M2,8.59,Darwin 23.4.0,3.14.6,0.1.0b1,1.12.3,0.13.2,2.4.6,1.18.0,3.0.5,0.66.0,1.0.0,0.12.0,0.5.12,0.6.0,7.2.2,3.16.0
"laptop, Polariseq default, no UMAP",brain50k__polariseq-ram__rep2__20261005T082754,2026-10-05T08:27:54,brain50k,50000,27998,100488310,polariseq-ram,Polariseq (in-RAM),polariseq,2,ok,,4,6.0,False,2000,50,15,1.0,200,0,4.784,4.357,0.2788,,0.0602,0.056,0.0355,0.0705,0.4041,0.0371,2.7286,0.4554,0.2303,0.0,1.023,1.024,0.975,1.914,49462,2000,31,ram,4,Apple M2,8.59,Darwin 23.4.0,3.14.6,0.1.0b1,1.12.3,0.13.2,2.4.6,1.18.0,3.0.5,0.66.0,1.0.0,0.12.0,0.5.12,0.6.0,7.2.2,3.16.0
"laptop, Polariseq default, no UMAP",brain50k__polariseq-ram__rep3__20261005T082800,2026-10-05T08:28:00,brain50k,50000,27998,100488310,polariseq-ram,Polariseq (in-RAM),polariseq,3,ok,,4,6.0,False,2000,50,15,1.0,200,0,4.647,4.297,0.2467,,0.0557,0.0466,0.0367,0.0724,0.4126,0.0335,2.7023,0.4706,0.22,0.0,1.023,0.966,1.004,1.965,49462,2000,31,ram,4,Apple M2,8.59,Darwin 23.4.0,3.14.6,0.1.0b1,1.12.3,0.13.2,2.4.6,1.18.0,3.0.5,0.66.0,1.0.0,0.12.0,0.5.12,0.6.0,7.2.2,3.16.0
"laptop, Polariseq default, no UMAP",brain50k__polariseq-spill__rep1__20261005T082736,2026-10-05T08:27:36,brain50k,50000,27998,100488310,polariseq-spill,Polariseq (out-of-core),polariseq,1,ok,,4,6.0,False,2000,50,15,1.0,200,0,7.949,7.596,,7.5964,,,,,,,,,,0.0,2.22,1.631,1.475,1.777,49462,2000,30,spill,4,Apple M2,8.59,Darwin 23.4.0,3.14.6,0.1.0b1,1.12.3,0.13.2,2.4.6,1.18.0,3.0.5,0.66.0,1.0.0,0.12.0,0.5.12,0.6.0,7.2.2,3.16.0
"laptop, Polariseq default, no UMAP",brain50k__polariseq-spill__rep2__20261005T082745,2026-10-05T08:27:45,brain50k,50000,27998,100488310,polariseq-spill,Polariseq (out-of-core),polariseq,2,ok,,4,6.0,False,2000,50,15,1.0,200,0,7.614,7.153,,7.153,,,,,,,,,,0.0,2.265,1.687,1.479,1.547,49462,2000,30,spill,4,Apple M2,8.59,Darwin 23.4.0,3.14.6,0.1.0b1,1.12.3,0.13.2,2.4.6,1.18.0,3.0.5,0.66.0,1.0.0,0.12.0,0.5.12,0.6.0,7.2.2,3.16.0
"laptop, Polariseq default, no UMAP",brain50k__polariseq-spill__rep3__20261005T082805,2026-10-05T08:28:05,brain50k,50000,27998,100488310,polariseq-spill,Polariseq (out-of-core),polariseq,3,ok,,4,6.0,False,2000,50,15,1.0,200,0,9.231,8.809,,8.8092,,,,,,,,,,0.0,2.269,1.551,1.282,1.881,49462,2000,30,spill,4,Apple M2,8.59,Darwin 23.4.0,3.14.6,0.1.0b1,1.12.3,0.13.2,2.4.6,1.18.0,3.0.5,0.66.0,1.0.0,0.12.0,0.5.12,0.6.0,7.2.2,3.16.0
"laptop, Polariseq default, no UMAP",brain600k__polariseq-ram__rep1__20261005T083953,2026-10-05T08:39:53,brain600k,600000,27998,1205611786,polariseq-ram,Polariseq (in-RAM),polariseq,1,ok,,4,6.0,False,2000,50,15,1.0,200,0,120.707,119.983,7.9299,,9.3108,36.4799,6.7535,1.5854,20.3337,0.6354,21.35,11.2869,4.317,0.0,11.365,2.789,2.795,0.599,593766,2000,35,ram,4,Apple M2,8.59,Darwin 23.4.0,3.14.6,0.1.0b1,1.12.3,0.13.2,2.4.6,1.18.0,3.0.5,0.66.0,1.0.0,0.12.0,0.5.12,0.6.0,7.2.2,3.16.0
"laptop, Polariseq default, no UMAP",brain600k__polariseq-ram__rep2__20261005T084458,2026-10-05T08:44:58,brain600k,600000,27998,1205611786,polariseq-ram,Polariseq (in-RAM),polariseq,2,ok,,4,6.0,False,2000,50,15,1.0,200,0,124.12,123.473,9.3226,,14.2505,39.6651,6.1284,1.5497,15.3217,0.6193,21.3824,10.9393,4.2943,0.0,11.368,3.099,3.114,0.576,593766,2000,35,ram,4,Apple M2,8.59,Darwin 23.4.0,3.14.6,0.1.0b1,1.12.3,0.13.2,2.4.6,1.18.0,3.0.5,0.66.0,1.0.0,0.12.0,0.5.12,0.6.0,7.2.2,3.16.0
"laptop, Polariseq default, no UMAP",brain600k__polariseq-ram__rep3__20261005T084706,2026-10-05T08:47:06,brain600k,600000,27998,1205611786,polariseq-ram,Polariseq (in-RAM),polariseq,3,ok,,4,6.0,False,2000,50,15,1.0,200,0,108.957,108.178,8.3165,,8.3303,30.2365,7.1073,1.489,15.4828,0.5476,20.9427,11.1641,4.5615,0.0,11.365,3.517,3.534,0.611,593766,2000,35,ram,4,Apple M2,8.59,Darwin 23.4.0,3.14.6,0.1.0b1,1.12.3,0.13.2,2.4.6,1.18.0,3.0.5,0.66.0,1.0.0,0.12.0,0.5.12,0.6.0,7.2.2,3.16.0
"laptop, Polariseq default, no UMAP",brain600k__polariseq-spill__rep1__20261005T084157,2026-10-05T08:41:57,brain600k,600000,27998,1205611786,polariseq-spill,Polariseq (out-of-core),polariseq,1,ok,,4,6.0,False,2000,50,15,1.0,200,0,84.696,83.84,,83.8402,,,,,,,,,,0.0,2.332,2.259,1.79,2.607,593766,2000,37,spill,4,Apple M2,8.59,Darwin 23.4.0,3.14.6,0.1.0b1,1.12.3,0.13.2,2.4.6,1.18.0,3.0.5,0.66.0,1.0.0,0.12.0,0.5.12,0.6.0,7.2.2,3.16.0
"laptop, Polariseq default, no UMAP",brain600k__polariseq-spill__rep2__20261005T084326,2026-10-05T08:43:26,brain600k,600000,27998,1205611786,polariseq-spill,Polariseq (out-of-core),polariseq,2,ok,,4,6.0,False,2000,50,15,1.0,200,0,88.401,87.516,,87.5161,,,,,,,,,,0.0,2.313,2.261,1.8,2.296,593766,2000,37,spill,4,Apple M2,8.59,Darwin 23.4.0,3.14.6,0.1.0b1,1.12.3,0.13.2,2.4.6,1.18.0,3.0.5,0.66.0,1.0.0,0.12.0,0.5.12,0.6.0,7.2.2,3.16.0
"laptop, Polariseq default, no UMAP",brain600k__polariseq-spill__rep3__20261005T084859,2026-10-05T08:48:59,brain600k,600000,27998,1205611786,polariseq-spill,Polariseq (out-of-core),polariseq,3,ok,,4,6.0,False,2000,50,15,1.0,200,0,86.731,85.847,,85.847,,,,,,,,,,0.0,2.161,2.266,1.895,2.326,593766,2000,37,spill,4,Apple M2,8.59,Darwin 23.4.0,3.14.6,0.1.0b1,1.12.3,0.13.2,2.4.6,1.18.0,3.0.5,0.66.0,1.0.0,0.12.0,0.5.12,0.6.0,7.2.2,3.16.0
"laptop, Polariseq default, no UMAP",brain800k__polariseq-ram__rep1__20261005T085030,2026-10-05T08:50:30,brain800k,800000,27998,1607496131,polariseq-ram,Polariseq (in-RAM),,1,exceeds_memory,"stopped when its footprint passed 12.9 GB, the campaign's limit (1.5x installed memory)",4,6.0,False,2000,50,15,1.0,200,0,17.549,,,,,,,,,,,,,,12.898,0.938,,0.599,,,,,,Apple M2,8.59,Darwin 23.4.0,3.14.6,0.1.0b1,1.12.3,0.13.2,2.4.6,1.18.0,3.0.5,0.66.0,1.0.0,0.12.0,0.5.12,0.6.0,7.2.2,3.16.0
"laptop, Polariseq default, no UMAP",brain800k__polariseq-spill__rep1__20261005T085055,2026-10-05T08:50:55,brain800k,800000,27998,1607496131,polariseq-spill,Polariseq (out-of-core),polariseq,1,ok,,4,6.0,False,2000,50,15,1.0,200,0,125.719,124.518,,124.5179,,,,,,,,,,0.0,2.522,2.178,1.718,2.105,791711,2000,36,spill,4,Apple M2,8.59,Darwin 23.4.0,3.14.6,0.1.0b1,1.12.3,0.13.2,2.4.6,1.18.0,3.0.5,0.66.0,1.0.0,0.12.0,0.5.12,0.6.0,7.2.2,3.16.0
"laptop, Polariseq default, no UMAP",brain800k__polariseq-spill__rep2__20261005T085305,2026-10-05T08:53:05,brain800k,800000,27998,1607496131,polariseq-spill,Polariseq (out-of-core),polariseq,2,ok,,4,6.0,False,2000,50,15,1.0,200,0,119.851,117.883,,117.8831,,,,,,,,,,0.0,2.488,2.184,2.01,2.236,791711,2000,36,spill,4,Apple M2,8.59,Darwin 23.4.0,3.14.6,0.1.0b1,1.12.3,0.13.2,2.4.6,1.18.0,3.0.5,0.66.0,1.0.0,0.12.0,0.5.12,0.6.0,7.2.2,3.16.0
"laptop, Polariseq default, no UMAP",brain800k__polariseq-spill__rep3__20261005T085512,2026-10-05T08:55:12,brain800k,800000,27998,1607496131,polariseq-spill,Polariseq (out-of-core),polariseq,3,ok,,4,6.0,False,2000,50,15,1.0,200,0,118.234,117.003,,117.0029,,,,,,,,,,0.0,2.541,2.217,1.701,2.146,791711,2000,36,spill,4,Apple M2,8.59,Darwin 23.4.0,3.14.6,0.1.0b1,1.12.3,0.13.2,2.4.6,1.18.0,3.0.5,0.66.0,1.0.0,0.12.0,0.5.12,0.6.0,7.2.2,3.16.0
"laptop, Polariseq default, no UMAP",fetal1000k__polariseq-ram__rep1__20261005T094554,2026-10-05T09:45:54,fetal1000k,1000000,63561,647386786,polariseq-ram,Polariseq (in-RAM),polariseq,1,ok,,4,6.0,False,2000,50,15,1.0,200,0,53.298,52.639,14.1753,,1.3037,1.715,0.7465,0.5267,2.8487,0.1677,5.6658,18.309,7.1805,0.0,6.037,3.862,3.817,1.322,984454,2000,40,ram,4,Apple M2,8.59,Darwin 23.4.0,3.14.6,0.1.0b1,1.12.3,0.13.2,2.4.6,1.18.0,3.0.5,0.66.0,1.0.0,0.12.0,0.5.12,0.6.0,7.2.2,3.16.0
"laptop, Polariseq default, no UMAP",fetal1000k__polariseq-ram__rep2__20261005T094648,2026-10-05T09:46:48,fetal1000k,1000000,63561,647386786,polariseq-ram,Polariseq (in-RAM),polariseq,2,ok,,4,6.0,False,2000,50,15,1.0,200,0,53.148,52.471,14.155,,1.2811,1.6615,0.7309,0.5327,2.7328,0.1647,5.6558,18.3164,7.2399,0.0,6.034,3.934,3.88,1.364,984454,2000,40,ram,4,Apple M2,8.59,Darwin 23.4.0,3.14.6,0.1.0b1,1.12.3,0.13.2,2.4.6,1.18.0,3.0.5,0.66.0,1.0.0,0.12.0,0.5.12,0.6.0,7.2.2,3.16.0
"laptop, Polariseq default, no UMAP",fetal1000k__polariseq-ram__rep3__20261005T094743,2026-10-05T09:47:43,fetal1000k,1000000,63561,647386786,polariseq-ram,Polariseq (in-RAM),polariseq,3,ok,,4,6.0,False,2000,50,15,1.0,200,0,53.123,52.526,14.0725,,1.3026,1.6751,0.7322,0.5437,2.6767,0.1703,5.6329,18.4051,7.3148,0.0,6.038,3.866,3.814,1.41,984454,2000,40,ram,4,Apple M2,8.59,Darwin 23.4.0,3.14.6,0.1.0b1,1.12.3,0.13.2,2.4.6,1.18.0,3.0.5,0.66.0,1.0.0,0.12.0,0.5.12,0.6.0,7.2.2,3.16.0
"laptop, Polariseq default, no UMAP",fetal1000k__polariseq-spill__rep1__20261005T091642,2026-10-05T09:16:42,fetal1000k,1000000,63561,647386786,polariseq-spill,Polariseq (out-of-core),polariseq,1,ok,,4,6.0,False,2000,50,15,1.0,200,0,68.284,67.288,,67.2876,,,,,,,,,,0.0,2.345,2.465,1.744,2.792,984454,2000,40,spill,4,Apple M2,8.59,Darwin 23.4.0,3.14.6,0.1.0b1,1.12.3,0.13.2,2.4.6,1.18.0,3.0.5,0.66.0,1.0.0,0.12.0,0.5.12,0.6.0,7.2.2,3.16.0
"laptop, Polariseq default, no UMAP",fetal1000k__polariseq-spill__rep2__20261005T091752,2026-10-05T09:17:52,fetal1000k,1000000,63561,647386786,polariseq-spill,Polariseq (out-of-core),polariseq,2,ok,,4,6.0,False,2000,50,15,1.0,200,0,68.107,67.196,,67.1958,,,,,,,,,,0.0,2.336,2.436,1.708,2.891,984454,2000,40,spill,4,Apple M2,8.59,Darwin 23.4.0,3.14.6,0.1.0b1,1.12.3,0.13.2,2.4.6,1.18.0,3.0.5,0.66.0,1.0.0,0.12.0,0.5.12,0.6.0,7.2.2,3.16.0
"laptop, Polariseq default, no UMAP",fetal1000k__polariseq-spill__rep3__20261005T091902,2026-10-05T09:19:02,fetal1000k,1000000,63561,647386786,polariseq-spill,Polariseq (out-of-core),polariseq,3,ok,,4,6.0,False,2000,50,15,1.0,200,0,68.373,67.44,,67.4401,,,,,,,,,,0.0,2.298,2.421,1.577,2.943,984454,2000,40,spill,4,Apple M2,8.59,Darwin 23.4.0,3.14.6,0.1.0b1,1.12.3,0.13.2,2.4.6,1.18.0,3.0.5,0.66.0,1.0.0,0.12.0,0.5.12,0.6.0,7.2.2,3.16.0
"laptop, Polariseq default, no UMAP",fetal2000k__polariseq-ram__rep1__20261005T094858,2026-10-05T09:48:58,fetal2000k,2000000,63561,1295253205,polariseq-ram,Polariseq (in-RAM),polariseq,1,ok,,4,6.0,False,2000,50,15,1.0,200,0,179.978,179.153,28.6227,,11.521,44.539,6.057,1.6606,14.6359,0.4859,10.7337,43.3876,17.5093,0.0,11.977,4.041,3.508,1.274,1969168,2000,39,ram,4,Apple M2,8.59,Darwin 23.4.0,3.14.6,0.1.0b1,1.12.3,0.13.2,2.4.6,1.18.0,3.0.5,0.66.0,1.0.0,0.12.0,0.5.12,0.6.0,7.2.2,3.16.0
"laptop, Polariseq default, no UMAP",fetal2000k__polariseq-ram__rep2__20261005T095221,2026-10-05T09:52:21,fetal2000k,2000000,63561,1295253205,polariseq-ram,Polariseq (in-RAM),polariseq,2,ok,,4,6.0,False,2000,50,15,1.0,200,0,188.718,187.779,28.4102,,10.9457,45.575,7.8386,1.744,20.2293,0.4984,10.8054,44.0563,17.6764,0.0,11.963,4.009,3.517,1.273,1969168,2000,39,ram,4,Apple M2,8.59,Darwin 23.4.0,3.14.6,0.1.0b1,1.12.3,0.13.2,2.4.6,1.18.0,3.0.5,0.66.0,1.0.0,0.12.0,0.5.12,0.6.0,7.2.2,3.16.0
"laptop, Polariseq default, no UMAP",fetal2000k__polariseq-ram__rep3__20261005T095532,2026-10-05T09:55:32,fetal2000k,2000000,63561,1295253205,polariseq-ram,Polariseq (in-RAM),polariseq,3,ok,,4,6.0,False,2000,50,15,1.0,200,0,173.173,172.245,28.7357,,10.7924,38.8506,5.5596,1.5969,14.489,0.4647,10.6723,43.6832,17.4008,0.0,11.972,4.051,3.652,1.264,1969168,2000,39,ram,4,Apple M2,8.59,Darwin 23.4.0,3.14.6,0.1.0b1,1.12.3,0.13.2,2.4.6,1.18.0,3.0.5,0.66.0,1.0.0,0.12.0,0.5.12,0.6.0,7.2.2,3.16.0
"laptop, Polariseq default, no UMAP",fetal2000k__polariseq-spill__rep1__20261005T092011,2026-10-05T09:20:11,fetal2000k,2000000,63561,1295253205,polariseq-spill,Polariseq (out-of-core),polariseq,1,ok,,4,6.0,False,2000,50,15,1.0,200,0,149.243,147.699,,147.6989,,,,,,,,,,0.0,3.022,3.454,2.344,2.438,1969168,2000,42,spill,4,Apple M2,8.59,Darwin 23.4.0,3.14.6,0.1.0b1,1.12.3,0.13.2,2.4.6,1.18.0,3.0.5,0.66.0,1.0.0,0.12.0,0.5.12,0.6.0,7.2.2,3.16.0
"laptop, Polariseq default, no UMAP",fetal2000k__polariseq-spill__rep2__20261005T092243,2026-10-05T09:22:43,fetal2000k,2000000,63561,1295253205,polariseq-spill,Polariseq (out-of-core),polariseq,2,ok,,4,6.0,False,2000,50,15,1.0,200,0,146.319,144.674,,144.6738,,,,,,,,,,0.0,3.044,3.578,2.621,2.464,1969168,2000,42,spill,4,Apple M2,8.59,Darwin 23.4.0,3.14.6,0.1.0b1,1.12.3,0.13.2,2.4.6,1.18.0,3.0.5,0.66.0,1.0.0,0.12.0,0.5.12,0.6.0,7.2.2,3.16.0
"laptop, Polariseq default, no UMAP",fetal2000k__polariseq-spill__rep3__20261005T092532,2026-10-05T09:25:32,fetal2000k,2000000,63561,1295253205,polariseq-spill,Polariseq (out-of-core),polariseq,3,ok,,4,6.0,False,2000,50,15,1.0,200,0,147.819,146.196,,146.1965,,,,,,,,,,0.0,3.099,3.48,2.578,2.393,1969168,2000,42,spill,4,Apple M2,8.59,Darwin 23.4.0,3.14.6,0.1.0b1,1.12.3,0.13.2,2.4.6,1.18.0,3.0.5,0.66.0,1.0.0,0.12.0,0.5.12,0.6.0,7.2.2,3.16.0
"laptop, Polariseq default, no UMAP",fetal4062k__polariseq-spill__rep1__20261005T092802,2026-10-05T09:28:02,fetal4062k,4062980,63561,2631157163,polariseq-spill,Polariseq (out-of-core),polariseq,1,ok,,4,6.0,False,2000,50,15,1.0,200,0,319.697,316.161,,316.1613,,,,,,,,,,0.0002,6.169,3.826,3.422,1.284,4000604,2000,43,spill,4,Apple M2,8.59,Darwin 23.4.0,3.14.6,0.1.0b1,1.12.3,0.13.2,2.4.6,1.18.0,3.0.5,0.66.0,1.0.0,0.12.0,0.5.12,0.6.0,7.2.2,3.16.0
"laptop, Polariseq default, no UMAP",fetal4062k__polariseq-spill__rep2__20261005T093345,2026-10-05T09:33:45,fetal4062k,4062980,63561,2631157163,polariseq-spill,Polariseq (out-of-core),polariseq,2,ok,,4,6.0,False,2000,50,15,1.0,200,0,324.474,320.636,,320.6353,,,,,,,,,,0.0004,6.185,3.776,3.356,1.315,4000604,2000,43,spill,4,Apple M2,8.59,Darwin 23.4.0,3.14.6,0.1.0b1,1.12.3,0.13.2,2.4.6,1.18.0,3.0.5,0.66.0,1.0.0,0.12.0,0.5.12,0.6.0,7.2.2,3.16.0
"laptop, Polariseq default, no UMAP",fetal4062k__polariseq-spill__rep3__20261005T093933,2026-10-05T09:39:33,fetal4062k,4062980,63561,2631157163,polariseq-spill,Polariseq (out-of-core),polariseq,3,ok,,4,6.0,False,2000,50,15,1.0,200,0,323.439,319.413,,319.4125,,,,,,,,,,0.0002,6.207,3.628,3.379,1.307,4000604,2000,43,spill,4,Apple M2,8.59,Darwin 23.4.0,3.14.6,0.1.0b1,1.12.3,0.13.2,2.4.6,1.18.0,3.0.5,0.66.0,1.0.0,0.12.0,0.5.12,0.6.0,7.2.2,3.16.0
"laptop, Polariseq default, no UMAP",neuron10k__polariseq-ram__rep1__20261005T082533,2026-10-05T08:25:33,neuron10k,11843,31053,31522268,polariseq-ram,Polariseq (in-RAM),polariseq,1,ok,,4,6.0,False,2000,50,15,1.0,200,0,2.084,1.748,0.0843,,0.0202,0.0193,0.011,0.023,0.1766,0.011,1.2451,0.1187,0.0383,0.0,0.377,0.631,0.373,2.13,11648,2000,27,ram,4,Apple M2,8.59,Darwin 23.4.0,3.14.6,0.1.0b1,1.12.3,0.13.2,2.4.6,1.18.0,3.0.5,0.66.0,1.0.0,0.12.0,0.5.12,0.6.0,7.2.2,3.16.0
"laptop, Polariseq default, no UMAP",neuron10k__polariseq-ram__rep2__20261005T082545,2026-10-05T08:25:45,neuron10k,11843,31053,31522268,polariseq-ram,Polariseq (in-RAM),polariseq,2,ok,,4,6.0,False,2000,50,15,1.0,200,0,2.208,1.889,0.0887,,0.0208,0.0193,0.0109,0.0238,0.1783,0.0113,1.3807,0.1178,0.0378,0.0,0.378,0.637,0.377,2.172,11648,2000,27,ram,4,Apple M2,8.59,Darwin 23.4.0,3.14.6,0.1.0b1,1.12.3,0.13.2,2.4.6,1.18.0,3.0.5,0.66.0,1.0.0,0.12.0,0.5.12,0.6.0,7.2.2,3.16.0
"laptop, Polariseq default, no UMAP",neuron10k__polariseq-ram__rep3__20261005T082549,2026-10-05T08:25:49,neuron10k,11843,31053,31522268,polariseq-ram,Polariseq (in-RAM),polariseq,3,ok,,4,6.0,False,2000,50,15,1.0,200,0,2.077,1.738,0.0859,,0.0204,0.019,0.0106,0.0212,0.1754,0.0107,1.2362,0.1174,0.0408,0.0,0.375,0.638,0.358,2.119,11648,2000,27,ram,4,Apple M2,8.59,Darwin 23.4.0,3.14.6,0.1.0b1,1.12.3,0.13.2,2.4.6,1.18.0,3.0.5,0.66.0,1.0.0,0.12.0,0.5.12,0.6.0,7.2.2,3.16.0
"laptop, Polariseq default, no UMAP",neuron10k__polariseq-ram__rep4__20261005T082601,2026-10-05T08:26:01,neuron10k,11843,31053,31522268,polariseq-ram,Polariseq (in-RAM),polariseq,4,ok,,4,6.0,False,2000,50,15,1.0,200,0,2.081,1.766,0.087,,0.0204,0.0192,0.0106,0.0226,0.1743,0.0107,1.2665,0.1166,0.0378,0.0,0.383,0.64,0.357,2.143,11648,2000,27,ram,4,Apple M2,8.59,Darwin 23.4.0,3.14.6,0.1.0b1,1.12.3,0.13.2,2.4.6,1.18.0,3.0.5,0.66.0,1.0.0,0.12.0,0.5.12,0.6.0,7.2.2,3.16.0
"laptop, Polariseq default, no UMAP",neuron10k__polariseq-ram__rep5__20261005T082604,2026-10-05T08:26:04,neuron10k,11843,31053,31522268,polariseq-ram,Polariseq (in-RAM),polariseq,5,ok,,4,6.0,False,2000,50,15,1.0,200,0,2.075,1.74,0.0859,,0.0206,0.0189,0.0106,0.0212,0.1741,0.0106,1.242,0.1182,0.0382,0.0,0.374,0.645,0.373,2.142,11648,2000,27,ram,4,Apple M2,8.59,Darwin 23.4.0,3.14.6,0.1.0b1,1.12.3,0.13.2,2.4.6,1.18.0,3.0.5,0.66.0,1.0.0,0.12.0,0.5.12,0.6.0,7.2.2,3.16.0
"laptop, Polariseq default, no UMAP",neuron10k__polariseq-spill__rep1__20261005T082536,2026-10-05T08:25:36,neuron10k,11843,31053,31522268,polariseq-spill,Polariseq (out-of-core),polariseq,1,ok,,4,6.0,False,2000,50,15,1.0,200,0,3.404,3.058,,3.0581,,,,,,,,,,0.0,0.592,0.67,0.471,2.101,11648,2000,27,spill,4,Apple M2,8.59,Darwin 23.4.0,3.14.6,0.1.0b1,1.12.3,0.13.2,2.4.6,1.18.0,3.0.5,0.66.0,1.0.0,0.12.0,0.5.12,0.6.0,7.2.2,3.16.0
"laptop, Polariseq default, no UMAP",neuron10k__polariseq-spill__rep2__20261005T082541,2026-10-05T08:25:41,neuron10k,11843,31053,31522268,polariseq-spill,Polariseq (out-of-core),polariseq,2,ok,,4,6.0,False,2000,50,15,1.0,200,0,3.494,3.156,,3.1559,,,,,,,,,,0.0,0.451,0.936,0.414,2.082,11648,2000,27,spill,4,Apple M2,8.59,Darwin 23.4.0,3.14.6,0.1.0b1,1.12.3,0.13.2,2.4.6,1.18.0,3.0.5,0.66.0,1.0.0,0.12.0,0.5.12,0.6.0,7.2.2,3.16.0
"laptop, Polariseq default, no UMAP",neuron10k__polariseq-spill__rep3__20261005T082552,2026-10-05T08:25:52,neuron10k,11843,31053,31522268,polariseq-spill,Polariseq (out-of-core),polariseq,3,ok,,4,6.0,False,2000,50,15,1.0,200,0,3.478,3.136,,3.1365,,,,,,,,,,0.0,0.45,0.903,0.433,2.181,11648,2000,27,spill,4,Apple M2,8.59,Darwin 23.4.0,3.14.6,0.1.0b1,1.12.3,0.13.2,2.4.6,1.18.0,3.0.5,0.66.0,1.0.0,0.12.0,0.5.12,0.6.0,7.2.2,3.16.0
"laptop, Polariseq default, no UMAP",neuron10k__polariseq-spill__rep4__20261005T082556,2026-10-05T08:25:56,neuron10k,11843,31053,31522268,polariseq-spill,Polariseq (out-of-core),polariseq,4,ok,,4,6.0,False,2000,50,15,1.0,200,0,3.43,3.078,,3.0779,,,,,,,,,,0.0,0.472,0.92,0.444,2.156,11648,2000,27,spill,4,Apple M2,8.59,Darwin 23.4.0,3.14.6,0.1.0b1,1.12.3,0.13.2,2.4.6,1.18.0,3.0.5,0.66.0,1.0.0,0.12.0,0.5.12,0.6.0,7.2.2,3.16.0
"laptop, Polariseq default, no UMAP",neuron10k__polariseq-spill__rep5__20261005T082607,2026-10-05T08:26:07,neuron10k,11843,31053,31522268,polariseq-spill,Polariseq (out-of-core),polariseq,5,ok,,4,6.0,False,2000,50,15,1.0,200,0,3.404,3.055,,3.0555,,,,,,,,,,0.0,0.466,0.909,0.439,2.142,11648,2000,27,spill,4,Apple M2,8.59,Darwin 23.4.0,3.14.6,0.1.0b1,1.12.3,0.13.2,2.4.6,1.18.0,3.0.5,0.66.0,1.0.0,0.12.0,0.5.12,0.6.0,7.2.2,3.16.0
"laptop, Polariseq default, no UMAP",pbmc10k__polariseq-ram__rep1__20261005T082458,2026-10-05T08:24:58,pbmc10k,11769,33538,24825783,polariseq-ram,Polariseq (in-RAM),polariseq,1,ok,,4,6.0,False,2000,50,15,1.0,200,0,1.817,1.491,0.0843,,0.0246,0.0133,0.008,0.0169,0.1431,0.01,1.0163,0.1319,0.0422,0.0,0.319,0.539,0.315,2.303,11537,2000,21,ram,4,Apple M2,8.59,Darwin 23.4.0,3.14.6,0.1.0b1,1.12.3,0.13.2,2.4.6,1.18.0,3.0.5,0.66.0,1.0.0,0.12.0,0.5.12,0.6.0,7.2.2,3.16.0
"laptop, Polariseq default, no UMAP",pbmc10k__polariseq-ram__rep2__20261005T082509,2026-10-05T08:25:09,pbmc10k,11769,33538,24825783,polariseq-ram,Polariseq (in-RAM),polariseq,2,ok,,4,6.0,False,2000,50,15,1.0,200,0,1.876,1.532,0.0764,,0.0226,0.0132,0.0082,0.0171,0.1471,0.0099,1.0697,0.1257,0.0419,0.0,0.314,0.582,0.312,2.354,11537,2000,21,ram,4,Apple M2,8.59,Darwin 23.4.0,3.14.6,0.1.0b1,1.12.3,0.13.2,2.4.6,1.18.0,3.0.5,0.66.0,1.0.0,0.12.0,0.5.12,0.6.0,7.2.2,3.16.0
"laptop, Polariseq default, no UMAP",pbmc10k__polariseq-ram__rep3__20261005T082512,2026-10-05T08:25:12,pbmc10k,11769,33538,24825783,polariseq-ram,Polariseq (in-RAM),polariseq,3,ok,,4,6.0,False,2000,50,15,1.0,200,0,1.818,1.505,0.0759,,0.0226,0.0134,0.0082,0.0167,0.1465,0.0099,1.044,0.1258,0.0419,0.0,0.317,0.565,0.291,2.244,11537,2000,21,ram,4,Apple M2,8.59,Darwin 23.4.0,3.14.6,0.1.0b1,1.12.3,0.13.2,2.4.6,1.18.0,3.0.5,0.66.0,1.0.0,0.12.0,0.5.12,0.6.0,7.2.2,3.16.0
"laptop, Polariseq default, no UMAP",pbmc10k__polariseq-ram__rep4__20261005T082523,2026-10-05T08:25:23,pbmc10k,11769,33538,24825783,polariseq-ram,Polariseq (in-RAM),polariseq,4,ok,,4,6.0,False,2000,50,15,1.0,200,0,1.802,1.471,0.0766,,0.0227,0.0131,0.008,0.0162,0.1434,0.0097,1.0099,0.1294,0.042,0.0,0.318,0.571,0.296,2.219,11537,2000,21,ram,4,Apple M2,8.59,Darwin 23.4.0,3.14.6,0.1.0b1,1.12.3,0.13.2,2.4.6,1.18.0,3.0.5,0.66.0,1.0.0,0.12.0,0.5.12,0.6.0,7.2.2,3.16.0
"laptop, Polariseq default, no UMAP",pbmc10k__polariseq-ram__rep5__20261005T082526,2026-10-05T08:25:26,pbmc10k,11769,33538,24825783,polariseq-ram,Polariseq (in-RAM),polariseq,5,ok,,4,6.0,False,2000,50,15,1.0,200,0,1.81,1.478,0.0769,,0.0225,0.0132,0.0083,0.0166,0.1433,0.0098,1.0196,0.1262,0.042,0.0,0.32,0.581,0.298,2.348,11537,2000,21,ram,4,Apple M2,8.59,Darwin 23.4.0,3.14.6,0.1.0b1,1.12.3,0.13.2,2.4.6,1.18.0,3.0.5,0.66.0,1.0.0,0.12.0,0.5.12,0.6.0,7.2.2,3.16.0
"laptop, Polariseq default, no UMAP",pbmc10k__polariseq-spill__rep1__20261005T082501,2026-10-05T08:25:01,pbmc10k,11769,33538,24825783,polariseq-spill,Polariseq (out-of-core),polariseq,1,ok,,4,6.0,False,2000,50,15,1.0,200,0,3.059,2.73,,2.7297,,,,,,,,,,0.0,0.461,0.787,0.422,2.24,11537,2000,21,spill,4,Apple M2,8.59,Darwin 23.4.0,3.14.6,0.1.0b1,1.12.3,0.13.2,2.4.6,1.18.0,3.0.5,0.66.0,1.0.0,0.12.0,0.5.12,0.6.0,7.2.2,3.16.0
"laptop, Polariseq default, no UMAP",pbmc10k__polariseq-spill__rep2__20261005T082505,2026-10-05T08:25:05,pbmc10k,11769,33538,24825783,polariseq-spill,Polariseq (out-of-core),polariseq,2,ok,,4,6.0,False,2000,50,15,1.0,200,0,3.007,2.681,,2.6808,,,,,,,,,,0.0,0.429,0.826,0.402,2.188,11537,2000,21,spill,4,Apple M2,8.59,Darwin 23.4.0,3.14.6,0.1.0b1,1.12.3,0.13.2,2.4.6,1.18.0,3.0.5,0.66.0,1.0.0,0.12.0,0.5.12,0.6.0,7.2.2,3.16.0
"laptop, Polariseq default, no UMAP",pbmc10k__polariseq-spill__rep3__20261005T082515,2026-10-05T08:25:15,pbmc10k,11769,33538,24825783,polariseq-spill,Polariseq (out-of-core),polariseq,3,ok,,4,6.0,False,2000,50,15,1.0,200,0,3.083,2.746,,2.7459,,,,,,,,,,0.0,0.429,0.87,0.425,2.219,11537,2000,21,spill,4,Apple M2,8.59,Darwin 23.4.0,3.14.6,0.1.0b1,1.12.3,0.13.2,2.4.6,1.18.0,3.0.5,0.66.0,1.0.0,0.12.0,0.5.12,0.6.0,7.2.2,3.16.0
"laptop, Polariseq default, no UMAP",pbmc10k__polariseq-spill__rep4__20261005T082519,2026-10-05T08:25:19,pbmc10k,11769,33538,24825783,polariseq-spill,Polariseq (out-of-core),polariseq,4,ok,,4,6.0,False,2000,50,15,1.0,200,0,2.999,2.656,,2.6563,,,,,,,,,,0.0,0.423,0.891,0.401,2.191,11537,2000,21,spill,4,Apple M2,8.59,Darwin 23.4.0,3.14.6,0.1.0b1,1.12.3,0.13.2,2.4.6,1.18.0,3.0.5,0.66.0,1.0.0,0.12.0,0.5.12,0.6.0,7.2.2,3.16.0
"laptop, Polariseq default, no UMAP",pbmc10k__polariseq-spill__rep5__20261005T082529,2026-10-05T08:25:29,pbmc10k,11769,33538,24825783,polariseq-spill,Polariseq (out-of-core),polariseq,5,ok,,4,6.0,False,2000,50,15,1.0,200,0,3.051,2.712,,2.7125,,,,,,,,,,0.0,0.428,0.914,0.415,2.134,11537,2000,21,spill,4,Apple M2,8.59,Darwin 23.4.0,3.14.6,0.1.0b1,1.12.3,0.13.2,2.4.6,1.18.0,3.0.5,0.66.0,1.0.0,0.12.0,0.5.12,0.6.0,7.2.2,3.16.0
"laptop, Polariseq default, no UMAP",pbmc20k__polariseq-ram__rep1__20261005T082612,2026-10-05T08:26:12,pbmc20k,23837,36601,54878285,polariseq-ram,Polariseq (in-RAM),polariseq,1,ok,,4,6.0,False,2000,50,15,1.0,200,0,2.703,2.37,0.1661,,0.0405,0.0187,0.0184,0.0369,0.3249,0.0143,1.3652,0.2788,0.1058,0.0,0.586,0.615,0.575,2.089,23766,2000,25,ram,4,Apple M2,8.59,Darwin 23.4.0,3.14.6,0.1.0b1,1.12.3,0.13.2,2.4.6,1.18.0,3.0.5,0.66.0,1.0.0,0.12.0,0.5.12,0.6.0,7.2.2,3.16.0
"laptop, Polariseq default, no UMAP",pbmc20k__polariseq-ram__rep2__20261005T082626,2026-10-05T08:26:26,pbmc20k,23837,36601,54878285,polariseq-ram,Polariseq (in-RAM),polariseq,2,ok,,4,6.0,False,2000,50,15,1.0,200,0,2.561,2.244,0.1344,,0.0382,0.017,0.019,0.0409,0.3133,0.0148,1.3497,0.2175,0.0997,0.0,0.584,0.617,0.553,2.082,23766,2000,25,ram,4,Apple M2,8.59,Darwin 23.4.0,3.14.6,0.1.0b1,1.12.3,0.13.2,2.4.6,1.18.0,3.0.5,0.66.0,1.0.0,0.12.0,0.5.12,0.6.0,7.2.2,3.16.0
"laptop, Polariseq default, no UMAP",pbmc20k__polariseq-ram__rep3__20261005T082630,2026-10-05T08:26:30,pbmc20k,23837,36601,54878285,polariseq-ram,Polariseq (in-RAM),polariseq,3,ok,,4,6.0,False,2000,50,15,1.0,200,0,2.591,2.258,0.1307,,0.0391,0.0177,0.0192,0.0424,0.3211,0.0144,1.3586,0.2151,0.0999,0.0,0.583,0.58,0.567,1.984,23766,2000,25,ram,4,Apple M2,8.59,Darwin 23.4.0,3.14.6,0.1.0b1,1.12.3,0.13.2,2.4.6,1.18.0,3.0.5,0.66.0,1.0.0,0.12.0,0.5.12,0.6.0,7.2.2,3.16.0
"laptop, Polariseq default, no UMAP",pbmc20k__polariseq-ram__rep4__20261005T082644,2026-10-05T08:26:44,pbmc20k,23837,36601,54878285,polariseq-ram,Polariseq (in-RAM),polariseq,4,ok,,4,6.0,False,2000,50,15,1.0,200,0,2.637,2.293,0.1303,,0.0391,0.0176,0.0192,0.0391,0.323,0.0148,1.3956,0.2151,0.0991,0.0,0.586,0.572,0.581,2.134,23766,2000,25,ram,4,Apple M2,8.59,Darwin 23.4.0,3.14.6,0.1.0b1,1.12.3,0.13.2,2.4.6,1.18.0,3.0.5,0.66.0,1.0.0,0.12.0,0.5.12,0.6.0,7.2.2,3.16.0
"laptop, Polariseq default, no UMAP",pbmc20k__polariseq-ram__rep5__20261005T082648,2026-10-05T08:26:48,pbmc20k,23837,36601,54878285,polariseq-ram,Polariseq (in-RAM),polariseq,5,ok,,4,6.0,False,2000,50,15,1.0,200,0,2.572,2.252,0.1333,,0.0379,0.0173,0.0189,0.0386,0.3182,0.0143,1.3522,0.2206,0.1002,0.0,0.577,0.598,0.549,2.131,23766,2000,25,ram,4,Apple M2,8.59,Darwin 23.4.0,3.14.6,0.1.0b1,1.12.3,0.13.2,2.4.6,1.18.0,3.0.5,0.66.0,1.0.0,0.12.0,0.5.12,0.6.0,7.2.2,3.16.0
"laptop, Polariseq default, no UMAP",pbmc20k__polariseq-spill__rep1__20261005T082616,2026-10-05T08:26:16,pbmc20k,23837,36601,54878285,polariseq-spill,Polariseq (out-of-core),polariseq,1,ok,,4,6.0,False,2000,50,15,1.0,200,0,4.052,3.687,,3.6868,,,,,,,,,,0.0,1.063,1.09,0.962,1.995,23766,2000,24,spill,4,Apple M2,8.59,Darwin 23.4.0,3.14.6,0.1.0b1,1.12.3,0.13.2,2.4.6,1.18.0,3.0.5,0.66.0,1.0.0,0.12.0,0.5.12,0.6.0,7.2.2,3.16.0
"laptop, Polariseq default, no UMAP",pbmc20k__polariseq-spill__rep2__20261005T082621,2026-10-05T08:26:21,pbmc20k,23837,36601,54878285,polariseq-spill,Polariseq (out-of-core),polariseq,2,ok,,4,6.0,False,2000,50,15,1.0,200,0,4.104,3.752,,3.7522,,,,,,,,,,0.0,1.135,0.99,0.751,1.973,23766,2000,24,spill,4,Apple M2,8.59,Darwin 23.4.0,3.14.6,0.1.0b1,1.12.3,0.13.2,2.4.6,1.18.0,3.0.5,0.66.0,1.0.0,0.12.0,0.5.12,0.6.0,7.2.2,3.16.0
"laptop, Polariseq default, no UMAP",pbmc20k__polariseq-spill__rep3__20261005T082633,2026-10-05T08:26:33,pbmc20k,23837,36601,54878285,polariseq-spill,Polariseq (out-of-core),polariseq,3,ok,,4,6.0,False,2000,50,15,1.0,200,0,4.031,3.683,,3.6829,,,,,,,,,,0.0,1.126,0.959,0.771,2.03,23766,2000,24,spill,4,Apple M2,8.59,Darwin 23.4.0,3.14.6,0.1.0b1,1.12.3,0.13.2,2.4.6,1.18.0,3.0.5,0.66.0,1.0.0,0.12.0,0.5.12,0.6.0,7.2.2,3.16.0
"laptop, Polariseq default, no UMAP",pbmc20k__polariseq-spill__rep4__20261005T082638,2026-10-05T08:26:38,pbmc20k,23837,36601,54878285,polariseq-spill,Polariseq (out-of-core),polariseq,4,ok,,4,6.0,False,2000,50,15,1.0,200,0,4.206,3.853,,3.8534,,,,,,,,,,0.0,1.069,0.847,0.732,1.904,23766,2000,24,spill,4,Apple M2,8.59,Darwin 23.4.0,3.14.6,0.1.0b1,1.12.3,0.13.2,2.4.6,1.18.0,3.0.5,0.66.0,1.0.0,0.12.0,0.5.12,0.6.0,7.2.2,3.16.0
"laptop, Polariseq default, no UMAP",pbmc20k__polariseq-spill__rep5__20261005T082651,2026-10-05T08:26:51,pbmc20k,23837,36601,54878285,polariseq-spill,Polariseq (out-of-core),polariseq,5,ok,,4,6.0,False,2000,50,15,1.0,200,0,4.059,3.72,,3.7198,,,,,,,,,,0.0,1.081,0.981,0.797,1.931,23766,2000,24,spill,4,Apple M2,8.59,Darwin 23.4.0,3.14.6,0.1.0b1,1.12.3,0.13.2,2.4.6,1.18.0,3.0.5,0.66.0,1.0.0,0.12.0,0.5.12,0.6.0,7.2.2,3.16.0
"laptop, Polariseq default, no UMAP",pbmc3k__polariseq-ram__rep1__20261005T082435,2026-10-05T08:24:35,pbmc3k,2700,32738,2286884,polariseq-ram,Polariseq (in-RAM),polariseq,1,ok,,4,6.0,False,2000,50,15,1.0,200,0,1.329,0.88,0.0531,,0.0074,0.0006,0.0008,0.0015,0.0196,0.0037,0.6856,0.0962,0.0117,0.0,0.245,0.428,0.24,2.412,2700,2000,9,ram,4,Apple M2,8.59,Darwin 23.4.0,3.14.6,0.1.0b1,1.12.3,0.13.2,2.4.6,1.18.0,3.0.5,0.66.0,1.0.0,0.12.0,0.5.12,0.6.0,7.2.2,3.16.0
"laptop, Polariseq default, no UMAP",pbmc3k__polariseq-ram__rep2__20261005T082442,2026-10-05T08:24:42,pbmc3k,2700,32738,2286884,polariseq-ram,Polariseq (in-RAM),polariseq,2,ok,,4,6.0,False,2000,50,15,1.0,200,0,1.115,0.808,0.0343,,0.0061,0.0002,0.0007,0.0015,0.0182,0.0035,0.6595,0.0726,0.0112,0.0,0.251,0.44,0.25,2.334,2700,2000,9,ram,4,Apple M2,8.59,Darwin 23.4.0,3.14.6,0.1.0b1,1.12.3,0.13.2,2.4.6,1.18.0,3.0.5,0.66.0,1.0.0,0.12.0,0.5.12,0.6.0,7.2.2,3.16.0
"laptop, Polariseq default, no UMAP",pbmc3k__polariseq-ram__rep3__20261005T082444,2026-10-05T08:24:44,pbmc3k,2700,32738,2286884,polariseq-ram,Polariseq (in-RAM),polariseq,3,ok,,4,6.0,False,2000,50,15,1.0,200,0,1.108,0.796,0.0336,,0.0061,0.0002,0.0007,0.0015,0.0181,0.0036,0.6535,0.0674,0.0112,0.0,0.253,0.45,0.252,2.333,2700,2000,9,ram,4,Apple M2,8.59,Darwin 23.4.0,3.14.6,0.1.0b1,1.12.3,0.13.2,2.4.6,1.18.0,3.0.5,0.66.0,1.0.0,0.12.0,0.5.12,0.6.0,7.2.2,3.16.0
"laptop, Polariseq default, no UMAP",pbmc3k__polariseq-ram__rep4__20261005T082451,2026-10-05T08:24:51,pbmc3k,2700,32738,2286884,polariseq-ram,Polariseq (in-RAM),polariseq,4,ok,,4,6.0,False,2000,50,15,1.0,200,0,1.115,0.803,0.0381,,0.0063,0.0002,0.0007,0.0015,0.0179,0.0036,0.6551,0.0684,0.0114,0.0,0.247,0.438,0.246,2.346,2700,2000,9,ram,4,Apple M2,8.59,Darwin 23.4.0,3.14.6,0.1.0b1,1.12.3,0.13.2,2.4.6,1.18.0,3.0.5,0.66.0,1.0.0,0.12.0,0.5.12,0.6.0,7.2.2,3.16.0
"laptop, Polariseq default, no UMAP",pbmc3k__polariseq-ram__rep5__20261005T082453,2026-10-05T08:24:53,pbmc3k,2700,32738,2286884,polariseq-ram,Polariseq (in-RAM),polariseq,5,ok,,4,6.0,False,2000,50,15,1.0,200,0,1.132,0.794,0.0349,,0.006,0.0002,0.0007,0.0015,0.0182,0.0036,0.6493,0.0688,0.0113,0.0,0.249,0.463,0.248,2.317,2700,2000,9,ram,4,Apple M2,8.59,Darwin 23.4.0,3.14.6,0.1.0b1,1.12.3,0.13.2,2.4.6,1.18.0,3.0.5,0.66.0,1.0.0,0.12.0,0.5.12,0.6.0,7.2.2,3.16.0
"laptop, Polariseq default, no UMAP",pbmc3k__polariseq-spill__rep1__20261005T082437,2026-10-05T08:24:37,pbmc3k,2700,32738,2286884,polariseq-spill,Polariseq (out-of-core),polariseq,1,ok,,4,6.0,False,2000,50,15,1.0,200,0,1.378,1.066,,1.0657,,,,,,,,,,0.0,0.262,0.51,0.251,2.395,2700,2000,9,spill,4,Apple M2,8.59,Darwin 23.4.0,3.14.6,0.1.0b1,1.12.3,0.13.2,2.4.6,1.18.0,3.0.5,0.66.0,1.0.0,0.12.0,0.5.12,0.6.0,7.2.2,3.16.0
"laptop, Polariseq default, no UMAP",pbmc3k__polariseq-spill__rep2__20261005T082440,2026-10-05T08:24:40,pbmc3k,2700,32738,2286884,polariseq-spill,Polariseq (out-of-core),polariseq,2,ok,,4,6.0,False,2000,50,15,1.0,200,0,1.289,0.978,,0.9781,,,,,,,,,,0.0,0.265,0.507,0.25,2.334,2700,2000,9,spill,4,Apple M2,8.59,Darwin 23.4.0,3.14.6,0.1.0b1,1.12.3,0.13.2,2.4.6,1.18.0,3.0.5,0.66.0,1.0.0,0.12.0,0.5.12,0.6.0,7.2.2,3.16.0
"laptop, Polariseq default, no UMAP",pbmc3k__polariseq-spill__rep3__20261005T082447,2026-10-05T08:24:47,pbmc3k,2700,32738,2286884,polariseq-spill,Polariseq (out-of-core),polariseq,3,ok,,4,6.0,False,2000,50,15,1.0,200,0,1.3,0.981,,0.9808,,,,,,,,,,0.0,0.262,0.52,0.251,2.336,2700,2000,9,spill,4,Apple M2,8.59,Darwin 23.4.0,3.14.6,0.1.0b1,1.12.3,0.13.2,2.4.6,1.18.0,3.0.5,0.66.0,1.0.0,0.12.0,0.5.12,0.6.0,7.2.2,3.16.0
"laptop, Polariseq default, no UMAP",pbmc3k__polariseq-spill__rep4__20261005T082449,2026-10-05T08:24:49,pbmc3k,2700,32738,2286884,polariseq-spill,Polariseq (out-of-core),polariseq,4,ok,,4,6.0,False,2000,50,15,1.0,200,0,1.296,0.982,,0.982,,,,,,,,,,0.0,0.264,0.526,0.253,2.342,2700,2000,9,spill,4,Apple M2,8.59,Darwin 23.4.0,3.14.6,0.1.0b1,1.12.3,0.13.2,2.4.6,1.18.0,3.0.5,0.66.0,1.0.0,0.12.0,0.5.12,0.6.0,7.2.2,3.16.0
"laptop, Polariseq default, no UMAP",pbmc3k__polariseq-spill__rep5__20261005T082456,2026-10-05T08:24:56,pbmc3k,2700,32738,2286884,polariseq-spill,Polariseq (out-of-core),polariseq,5,ok,,4,6.0,False,2000,50,15,1.0,200,0,1.314,0.978,,0.9782,,,,,,,,,,0.0,0.268,0.511,0.249,2.339,2700,2000,9,spill,4,Apple M2,8.59,Darwin 23.4.0,3.14.6,0.1.0b1,1.12.3,0.13.2,2.4.6,1.18.0,3.0.5,0.66.0,1.0.0,0.12.0,0.5.12,0.6.0,7.2.2,3.16.0
