sweep,pipeline,umap,seconds,peak_gb,islands,types_mostly_in_one_island,types,type_share_in_largest_island_median,pixel_label_purity,global_spearman_vs_type_profiles,centroid_spearman_own_pcs
cluster_brain_ooc,seurat+log,spectral md0.1 ep200,124.42,4.353,16,30,32,0.998,0.9309,,0.4223
cluster_brain_ooc,seurat+log,spectral md0.5 ep100,105.91,4.286,1,32,32,1.0,0.8793,,0.3678
cluster_brain_ooc,seurat+log,spectral md0.5 ep200,128.93,4.483,4,32,32,1.0,0.8916,,0.416
cluster_brain_ooc,seurat+log,kmeans md0.5 ep100,44.54,4.613,1,32,32,1.0,0.8377,,0.4257
cluster_brain_ooc,seurat+log,kmeans md0.5 ep200,69.17,4.27,2,32,32,1.0,0.8588,,0.4401
cluster_brain_ooc,seurat+log,multilevel md0.5 ep100,42.0,4.813,1,32,32,1.0,0.8394,,0.4886
cluster_brain_ooc,seurat+log,multilevel md0.5 ep200,75.02,4.565,1,32,32,1.0,0.8557,,0.4981
cluster_brain_ooc,seurat+log,leiden md0.5 ep100,31.54,4.565,2,32,32,1.0,0.844,,0.461
cluster_brain_ooc,seurat+log,leiden md0.5 ep200,53.65,4.959,5,32,32,1.0,0.8637,,0.5349
cluster_brain_ooc,seurat_floor+log,spectral md0.1 ep200,136.34,4.729,15,33,35,0.999,0.9105,,0.4038
cluster_brain_ooc,seurat_floor+log,multilevel md0.5 ep200,74.06,4.978,1,35,35,1.0,0.85,,0.5326
cluster_brain_ooc,seurat_floor+scarf,spectral md0.1 ep200,150.23,5.221,13,35,37,0.999,0.8773,,0.367
cluster_brain_ooc,seurat_floor+scarf,spectral md0.5 ep100,128.82,4.803,2,37,37,1.0,0.7739,,0.2829
cluster_brain_ooc,seurat_floor+scarf,spectral md0.5 ep200,156.73,5.25,2,37,37,1.0,0.8071,,0.3128
cluster_brain_ooc,seurat_floor+scarf,kmeans md0.5 ep100,40.42,4.88,1,37,37,1.0,0.7869,,0.4686
cluster_brain_ooc,seurat_floor+scarf,kmeans md0.5 ep200,62.24,4.88,1,37,37,1.0,0.803,,0.4951
cluster_brain_ooc,seurat_floor+scarf,multilevel md0.5 ep100,49.08,4.868,1,37,37,1.0,0.8012,,0.4378
cluster_brain_ooc,seurat_floor+scarf,multilevel md0.5 ep200,71.38,5.012,1,37,37,1.0,0.8116,,0.4376
cluster_brain_ooc,seurat_floor+scarf,leiden md0.5 ep100,23.89,5.137,1,37,37,1.0,0.7962,,0.5052
cluster_brain_ooc,seurat_floor+scarf,leiden md0.5 ep200,38.99,5.144,1,37,37,1.0,0.8245,,0.5234
cluster_brain_ooc,scarf+log,spectral md0.1 ep200,143.37,4.818,14,32,36,0.999,0.9,,0.4488
cluster_brain_ooc,scarf+log,multilevel md0.5 ep200,71.08,5.211,2,35,36,1.0,0.8313,,0.5327
cluster_brain_ooc,scarf+scarf,spectral md0.1 ep200,182.16,5.27,13,34,35,0.998,0.8846,,0.4238
cluster_brain_ooc,scarf+scarf,spectral md0.5 ep100,158.27,4.916,1,35,35,1.0,0.7996,,0.327
cluster_brain_ooc,scarf+scarf,spectral md0.5 ep200,159.49,4.81,1,35,35,1.0,0.8127,,0.4122
cluster_brain_ooc,scarf+scarf,kmeans md0.5 ep100,34.1,4.921,1,35,35,1.0,0.7953,,0.4237
cluster_brain_ooc,scarf+scarf,kmeans md0.5 ep200,55.89,4.887,1,35,35,1.0,0.8132,,0.4514
cluster_brain_ooc,scarf+scarf,multilevel md0.5 ep100,41.86,5.045,1,35,35,1.0,0.8057,,0.4693
cluster_brain_ooc,scarf+scarf,multilevel md0.5 ep200,57.86,4.926,1,35,35,1.0,0.831,,0.4787
cluster_brain_ooc,scarf+scarf,leiden md0.5 ep100,23.71,4.897,1,35,35,1.0,0.8296,,0.3451
cluster_brain_ooc,scarf+scarf,leiden md0.5 ep200,44.46,4.897,1,35,35,1.0,0.8528,,0.3777
cluster_fetal4m_mem,seurat+log,spectral md0.1 ep200,389.24,9.806,72,68,77,0.969,0.8693,0.3253,0.5708
cluster_fetal4m_mem,seurat+log,spectral md0.5 ep100,334.86,10.196,1,77,77,1.0,0.772,0.3631,0.576
cluster_fetal4m_mem,seurat+log,spectral md0.5 ep200,389.61,10.098,4,77,77,1.0,0.8169,0.3906,0.591
cluster_fetal4m_mem,seurat+log,kmeans md0.5 ep100,72.3,9.99,1,77,77,1.0,0.7901,0.6239,0.4996
cluster_fetal4m_mem,seurat+log,kmeans md0.5 ep200,128.44,10.25,1,77,77,1.0,0.824,0.629,0.4937
cluster_fetal4m_mem,seurat+log,multilevel md0.5 ep100,77.89,9.618,2,77,77,1.0,0.7543,0.6103,0.5956
cluster_fetal4m_mem,seurat+log,multilevel md0.5 ep200,134.82,9.577,2,77,77,1.0,0.8126,0.6002,0.5937
cluster_fetal4m_mem,seurat+log,leiden md0.5 ep100,65.16,9.778,1,77,77,1.0,0.7479,0.6425,0.4412
cluster_fetal4m_mem,seurat+log,leiden md0.5 ep200,121.62,9.626,1,77,77,1.0,0.8119,0.615,0.4495
cluster_fetal4m_mem,seurat_floor+scarf,spectral md0.1 ep200,393.26,11.927,29,66,77,0.964,0.9626,0.3456,0.442
cluster_fetal4m_mem,seurat_floor+scarf,spectral md0.5 ep100,334.74,12.019,2,77,77,1.0,0.9489,0.353,0.4539
cluster_fetal4m_mem,seurat_floor+scarf,spectral md0.5 ep200,396.8,12.375,6,77,77,0.998,0.9509,0.357,0.4525
cluster_fetal4m_mem,seurat_floor+scarf,kmeans md0.5 ep100,74.95,12.316,1,77,77,1.0,0.9451,0.5809,0.3461
cluster_fetal4m_mem,seurat_floor+scarf,kmeans md0.5 ep200,132.8,12.425,4,76,77,1.0,0.9561,0.5614,0.2963
cluster_fetal4m_mem,seurat_floor+scarf,multilevel md0.5 ep100,79.67,12.167,1,77,77,1.0,0.9475,0.5984,0.404
cluster_fetal4m_mem,seurat_floor+scarf,multilevel md0.5 ep200,139.31,12.6,1,77,77,1.0,0.9536,0.5552,0.3886
cluster_fetal4m_mem,seurat_floor+scarf,leiden md0.5 ep100,66.7,12.373,1,77,77,1.0,0.9519,0.5178,0.3255
cluster_fetal4m_mem,seurat_floor+scarf,leiden md0.5 ep200,124.93,12.467,3,75,77,0.997,0.9567,0.4985,0.327
cluster_fetal4m_mem,scarf+scarf,spectral md0.1 ep200,331.49,13.1,32,65,77,0.97,0.9657,0.2914,0.3823
cluster_fetal4m_mem,scarf+scarf,spectral md0.5 ep100,277.5,13.103,1,77,77,1.0,0.9356,0.2896,0.3902
cluster_fetal4m_mem,scarf+scarf,spectral md0.5 ep200,334.97,13.256,6,75,77,0.999,0.9565,0.2802,0.3909
cluster_fetal4m_mem,scarf+scarf,kmeans md0.5 ep100,74.6,13.167,1,77,77,1.0,0.9408,0.6225,0.3765
cluster_fetal4m_mem,scarf+scarf,kmeans md0.5 ep200,131.5,12.689,2,77,77,1.0,0.9568,0.6296,0.3549
cluster_fetal4m_mem,scarf+scarf,multilevel md0.5 ep100,80.24,13.177,1,77,77,1.0,0.9549,0.5529,0.485
cluster_fetal4m_mem,scarf+scarf,multilevel md0.5 ep200,136.84,12.905,2,76,77,1.0,0.9605,0.5815,0.5048
cluster_fetal4m_mem,scarf+scarf,leiden md0.5 ep100,66.83,13.286,1,77,77,1.0,0.9553,0.5732,0.3044
cluster_fetal4m_mem,scarf+scarf,leiden md0.5 ep200,124.73,13.047,3,77,77,1.0,0.9614,0.536,0.3444
cluster_fetal4m_ooc,seurat+log,spectral md0.1 ep200,386.69,9.227,70,72,77,0.981,0.8705,0.3583,0.5745
cluster_fetal4m_ooc,seurat+log,spectral md0.3 ep100,335.14,9.744,4,77,77,1.0,0.8011,0.3632,0.5941
cluster_fetal4m_ooc,seurat+log,spectral md0.3 ep200,390.87,9.292,29,76,77,0.997,0.8468,0.395,0.5856
cluster_fetal4m_ooc,seurat+log,spectral md0.5 ep100,331.34,9.352,1,77,77,1.0,0.7675,0.3676,0.5825
cluster_fetal4m_ooc,seurat+log,spectral md0.5 ep200,387.31,9.574,4,77,77,1.0,0.8209,0.3944,0.5952
cluster_fetal4m_ooc,seurat+log,kmeans md0.3 ep100,72.86,9.747,2,77,77,1.0,0.8197,0.6246,0.493
cluster_fetal4m_ooc,seurat+log,kmeans md0.3 ep200,128.83,9.181,5,76,77,1.0,0.8513,0.6311,0.4916
cluster_fetal4m_ooc,seurat+log,kmeans md0.5 ep100,72.9,9.793,1,77,77,1.0,0.7893,0.6237,0.4989
cluster_fetal4m_ooc,seurat+log,kmeans md0.5 ep200,128.86,9.451,1,77,77,1.0,0.8243,0.6274,0.4963
cluster_fetal4m_ooc,seurat+log,multilevel md0.3 ep100,78.85,9.142,2,77,77,1.0,0.779,0.5901,0.5996
cluster_fetal4m_ooc,seurat+log,multilevel md0.3 ep200,135.14,9.602,5,76,77,1.0,0.8314,0.6085,0.6096
cluster_fetal4m_ooc,seurat+log,multilevel md0.5 ep100,78.21,9.687,1,77,77,1.0,0.7552,0.5856,0.5947
cluster_fetal4m_ooc,seurat+log,multilevel md0.5 ep200,135.52,9.194,2,77,77,1.0,0.8082,0.5873,0.5904
cluster_fetal4m_ooc,seurat+log,leiden md0.3 ep100,65.84,9.567,1,77,77,1.0,0.7818,0.616,0.3726
cluster_fetal4m_ooc,seurat+log,leiden md0.3 ep200,122.04,9.188,4,77,77,1.0,0.8364,0.6397,0.4909
cluster_fetal4m_ooc,seurat+log,leiden md0.5 ep100,65.14,9.335,1,77,77,1.0,0.745,0.6396,0.4328
cluster_fetal4m_ooc,seurat+log,leiden md0.5 ep200,121.66,9.738,1,77,77,1.0,0.8119,0.6269,0.4726
cluster_fetal4m_ooc,seurat_floor+log,spectral md0.1 ep200,349.41,9.884,17,69,77,0.983,0.9512,0.509,0.7121
cluster_fetal4m_ooc,seurat_floor+log,multilevel md0.5 ep200,134.89,9.45,3,76,77,1.0,0.9425,0.6224,0.7548
cluster_fetal4m_ooc,seurat_floor+scarf,spectral md0.1 ep200,396.31,9.886,28,64,77,0.973,0.9624,0.3418,0.4463
cluster_fetal4m_ooc,seurat_floor+scarf,spectral md0.3 ep100,337.32,10.178,7,75,77,0.999,0.9547,0.3467,0.4464
cluster_fetal4m_ooc,seurat_floor+scarf,spectral md0.3 ep200,393.55,10.165,17,71,77,0.986,0.9585,0.3548,0.4551
cluster_fetal4m_ooc,seurat_floor+scarf,spectral md0.5 ep100,340.76,9.821,2,77,77,1.0,0.9485,0.3514,0.4535
cluster_fetal4m_ooc,seurat_floor+scarf,spectral md0.5 ep200,394.71,9.8,6,75,77,0.999,0.9551,0.3729,0.4527
cluster_fetal4m_ooc,seurat_floor+scarf,kmeans md0.3 ep100,75.69,9.77,4,76,77,1.0,0.9539,0.5726,0.3057
cluster_fetal4m_ooc,seurat_floor+scarf,kmeans md0.3 ep200,133.91,10.072,8,75,77,0.998,0.9596,0.5664,0.29
cluster_fetal4m_ooc,seurat_floor+scarf,kmeans md0.5 ep100,74.59,10.009,1,77,77,1.0,0.9386,0.5813,0.3426
cluster_fetal4m_ooc,seurat_floor+scarf,kmeans md0.5 ep200,133.6,9.963,3,76,77,1.0,0.9554,0.5809,0.3368
cluster_fetal4m_ooc,seurat_floor+scarf,multilevel md0.3 ep100,79.84,10.161,2,76,77,1.0,0.9546,0.547,0.42
cluster_fetal4m_ooc,seurat_floor+scarf,multilevel md0.3 ep200,139.49,9.694,12,74,77,0.996,0.9589,0.5653,0.4197
cluster_fetal4m_ooc,seurat_floor+scarf,multilevel md0.5 ep100,80.3,9.803,1,77,77,1.0,0.9478,0.5685,0.4084
cluster_fetal4m_ooc,seurat_floor+scarf,multilevel md0.5 ep200,137.9,10.264,2,77,77,1.0,0.9549,0.5821,0.394
cluster_fetal4m_ooc,seurat_floor+scarf,leiden md0.3 ep100,66.86,9.915,2,76,77,1.0,0.9562,0.5421,0.2763
cluster_fetal4m_ooc,seurat_floor+scarf,leiden md0.3 ep200,126.37,9.726,6,73,77,0.996,0.9603,0.5633,0.2996
cluster_fetal4m_ooc,seurat_floor+scarf,leiden md0.5 ep100,68.13,10.232,1,77,77,1.0,0.9492,0.5338,0.3322
cluster_fetal4m_ooc,seurat_floor+scarf,leiden md0.5 ep200,126.96,10.068,3,76,77,1.0,0.9564,0.4686,0.337
cluster_fetal4m_ooc,scarf+log,spectral md0.1 ep200,392.88,9.963,24,67,77,0.974,0.9591,0.4526,0.7339
cluster_fetal4m_ooc,scarf+log,multilevel md0.5 ep200,138.59,9.819,1,77,77,1.0,0.9519,0.6178,0.7642
cluster_fetal4m_ooc,scarf+scarf,spectral md0.1 ep200,333.4,9.559,28,66,77,0.973,0.9656,0.2834,0.3828
cluster_fetal4m_ooc,scarf+scarf,spectral md0.3 ep100,275.68,9.793,9,73,77,0.997,0.9535,0.2873,0.3843
cluster_fetal4m_ooc,scarf+scarf,spectral md0.3 ep200,335.84,9.745,15,74,77,0.983,0.9635,0.2874,0.3916
cluster_fetal4m_ooc,scarf+scarf,spectral md0.5 ep100,278.97,9.947,1,77,77,1.0,0.9373,0.2878,0.3941
cluster_fetal4m_ooc,scarf+scarf,spectral md0.5 ep200,334.77,9.617,7,74,77,1.0,0.9555,0.2949,0.4057
cluster_fetal4m_ooc,scarf+scarf,kmeans md0.3 ep100,75.28,10.295,3,77,77,1.0,0.9516,0.6223,0.3542
cluster_fetal4m_ooc,scarf+scarf,kmeans md0.3 ep200,132.73,9.836,5,76,77,1.0,0.9626,0.624,0.3291
cluster_fetal4m_ooc,scarf+scarf,kmeans md0.5 ep100,75.24,10.008,1,77,77,1.0,0.9391,0.6286,0.3738
cluster_fetal4m_ooc,scarf+scarf,kmeans md0.5 ep200,133.84,9.878,2,77,77,1.0,0.9581,0.6291,0.3545
cluster_fetal4m_ooc,scarf+scarf,multilevel md0.3 ep100,79.41,9.721,3,76,77,1.0,0.9596,0.59,0.4308
cluster_fetal4m_ooc,scarf+scarf,multilevel md0.3 ep200,140.08,10.141,7,75,77,0.999,0.9642,0.5865,0.4054
cluster_fetal4m_ooc,scarf+scarf,multilevel md0.5 ep100,86.05,9.405,1,77,77,1.0,0.9578,0.5705,0.4788
cluster_fetal4m_ooc,scarf+scarf,multilevel md0.5 ep200,138.63,9.797,1,77,77,1.0,0.9617,0.5524,0.5002
cluster_fetal4m_ooc,scarf+scarf,leiden md0.3 ep100,66.63,9.502,3,77,77,1.0,0.9599,0.5722,0.3765
cluster_fetal4m_ooc,scarf+scarf,leiden md0.3 ep200,125.94,9.822,7,76,77,0.998,0.9641,0.5479,0.3664
cluster_fetal4m_ooc,scarf+scarf,leiden md0.5 ep100,66.59,9.273,1,77,77,1.0,0.9524,0.5511,0.3346
cluster_fetal4m_ooc,scarf+scarf,leiden md0.5 ep200,125.92,9.603,3,77,77,1.0,0.9604,0.5306,0.2921
cluster_sctab10_ooc,seurat+log,spectral md0.1 ep200,188.56,6.022,61,46,79,0.912,0.8661,0.2632,0.3756
cluster_sctab10_ooc,seurat+log,spectral md0.3 ep100,154.7,5.911,15,71,79,1.0,0.8526,0.2641,0.3775
cluster_sctab10_ooc,seurat+log,spectral md0.3 ep200,188.15,5.71,30,58,79,0.971,0.8597,0.2688,0.3789
cluster_sctab10_ooc,seurat+log,spectral md0.5 ep100,153.01,6.086,2,78,79,1.0,0.8354,0.2629,0.3729
cluster_sctab10_ooc,seurat+log,spectral md0.5 ep200,187.41,6.315,6,75,79,1.0,0.8519,0.2666,0.37
cluster_sctab10_ooc,seurat+log,kmeans md0.3 ep100,45.72,5.708,6,76,79,1.0,0.8474,0.5477,0.6121
cluster_sctab10_ooc,seurat+log,kmeans md0.3 ep200,79.51,6.063,22,59,79,0.974,0.8598,0.5474,0.6088
cluster_sctab10_ooc,seurat+log,kmeans md0.5 ep100,46.4,5.792,2,78,79,1.0,0.8322,0.5458,0.6047
cluster_sctab10_ooc,seurat+log,kmeans md0.5 ep200,79.73,6.011,2,78,79,1.0,0.8483,0.5532,0.6142
cluster_sctab10_ooc,seurat+log,multilevel md0.3 ep100,49.44,6.026,4,79,79,1.0,0.8517,0.6195,0.5725
cluster_sctab10_ooc,seurat+log,multilevel md0.3 ep200,82.85,6.179,11,69,79,0.999,0.8572,0.6197,0.5725
cluster_sctab10_ooc,seurat+log,multilevel md0.5 ep100,49.17,6.337,2,79,79,1.0,0.8403,0.6142,0.5711
cluster_sctab10_ooc,seurat+log,multilevel md0.5 ep200,83.41,6.349,4,79,79,1.0,0.8477,0.6167,0.5685
cluster_sctab10_ooc,seurat+log,leiden md0.3 ep100,38.74,5.871,5,77,79,1.0,0.851,0.3263,0.3458
cluster_sctab10_ooc,seurat+log,leiden md0.3 ep200,73.62,6.397,14,69,79,0.996,0.8607,0.3289,0.3702
cluster_sctab10_ooc,seurat+log,leiden md0.5 ep100,39.16,6.141,2,79,79,1.0,0.8375,0.3245,0.3596
cluster_sctab10_ooc,seurat+log,leiden md0.5 ep200,72.81,5.944,6,75,79,1.0,0.8473,0.3269,0.3625
cluster_sctab10_ooc,seurat_floor+log,spectral md0.1 ep200,167.09,6.336,71,46,79,0.828,0.8913,0.1985,0.246
cluster_sctab10_ooc,seurat_floor+log,multilevel md0.5 ep200,83.81,6.268,4,78,79,1.0,0.876,0.5495,0.5267
cluster_sctab10_ooc,seurat_floor+scarf,spectral md0.1 ep200,228.74,6.772,51,53,79,0.894,0.8824,0.3125,0.3869
cluster_sctab10_ooc,seurat_floor+scarf,spectral md0.3 ep100,193.71,6.753,10,74,79,1.0,0.8564,0.2834,0.3597
cluster_sctab10_ooc,seurat_floor+scarf,spectral md0.3 ep200,227.89,6.093,27,67,79,0.99,0.8711,0.3035,0.3828
cluster_sctab10_ooc,seurat_floor+scarf,spectral md0.5 ep100,193.5,6.467,3,78,79,1.0,0.8324,0.2767,0.3502
cluster_sctab10_ooc,seurat_floor+scarf,spectral md0.5 ep200,230.31,6.27,10,74,79,1.0,0.8544,0.3034,0.3679
cluster_sctab10_ooc,seurat_floor+scarf,kmeans md0.3 ep100,46.38,6.649,1,79,79,1.0,0.8638,0.4966,0.5449
cluster_sctab10_ooc,seurat_floor+scarf,kmeans md0.3 ep200,80.68,6.326,13,71,79,0.998,0.8761,0.4982,0.5503
cluster_sctab10_ooc,seurat_floor+scarf,kmeans md0.5 ep100,46.79,6.615,1,79,79,1.0,0.8481,0.4954,0.5411
cluster_sctab10_ooc,seurat_floor+scarf,kmeans md0.5 ep200,81.93,6.575,3,79,79,1.0,0.8645,0.4979,0.5481
cluster_sctab10_ooc,seurat_floor+scarf,multilevel md0.3 ep100,50.45,6.183,3,79,79,1.0,0.8647,0.4965,0.4249
cluster_sctab10_ooc,seurat_floor+scarf,multilevel md0.3 ep200,85.27,6.094,8,74,79,0.999,0.8755,0.5123,0.4204
cluster_sctab10_ooc,seurat_floor+scarf,multilevel md0.5 ep100,50.47,6.259,1,79,79,1.0,0.8542,0.5121,0.4318
cluster_sctab10_ooc,seurat_floor+scarf,multilevel md0.5 ep200,85.73,6.463,3,78,79,1.0,0.8623,0.5153,0.4387
cluster_sctab10_ooc,seurat_floor+scarf,leiden md0.3 ep100,39.78,6.638,2,79,79,1.0,0.8643,0.4762,0.3956
cluster_sctab10_ooc,seurat_floor+scarf,leiden md0.3 ep200,74.23,6.648,14,71,79,0.999,0.8751,0.5131,0.4099
cluster_sctab10_ooc,seurat_floor+scarf,leiden md0.5 ep100,39.84,6.459,1,79,79,1.0,0.8518,0.5238,0.4202
cluster_sctab10_ooc,seurat_floor+scarf,leiden md0.5 ep200,74.28,6.36,2,79,79,1.0,0.8603,0.5108,0.4047
cluster_sctab10_ooc,scarf+log,spectral md0.1 ep200,186.26,6.352,92,41,79,0.813,0.8936,0.0987,0.1246
cluster_sctab10_ooc,scarf+log,multilevel md0.5 ep200,83.94,6.699,5,74,79,1.0,0.8718,0.5299,0.5292
cluster_sctab10_ooc,scarf+scarf,spectral md0.1 ep200,227.72,6.323,56,52,79,0.918,0.8654,0.2546,0.2925
cluster_sctab10_ooc,scarf+scarf,spectral md0.3 ep100,193.61,6.686,12,74,79,1.0,0.8444,0.2439,0.279
cluster_sctab10_ooc,scarf+scarf,spectral md0.3 ep200,225.87,6.08,30,61,79,0.989,0.8554,0.2724,0.2988
cluster_sctab10_ooc,scarf+scarf,spectral md0.5 ep100,194.29,6.111,4,76,79,1.0,0.8195,0.2496,0.2829
cluster_sctab10_ooc,scarf+scarf,spectral md0.5 ep200,229.75,6.407,12,74,79,1.0,0.8444,0.2653,0.2973
cluster_sctab10_ooc,scarf+scarf,kmeans md0.3 ep100,46.65,6.695,1,79,79,1.0,0.849,0.5004,0.5554
cluster_sctab10_ooc,scarf+scarf,kmeans md0.3 ep200,80.95,6.1,12,69,79,0.993,0.8531,0.4857,0.5396
cluster_sctab10_ooc,scarf+scarf,kmeans md0.5 ep100,46.46,6.593,1,79,79,1.0,0.8322,0.4945,0.5499
cluster_sctab10_ooc,scarf+scarf,kmeans md0.5 ep200,81.21,6.689,2,78,79,1.0,0.8413,0.4741,0.5327
cluster_sctab10_ooc,scarf+scarf,multilevel md0.3 ep100,50.09,6.728,4,79,79,1.0,0.8446,0.51,0.4202
cluster_sctab10_ooc,scarf+scarf,multilevel md0.3 ep200,84.99,6.218,10,72,79,0.999,0.8563,0.4999,0.417
cluster_sctab10_ooc,scarf+scarf,multilevel md0.5 ep100,50.17,6.457,1,79,79,1.0,0.8313,0.5221,0.4427
cluster_sctab10_ooc,scarf+scarf,multilevel md0.5 ep200,84.99,6.163,2,79,79,1.0,0.8422,0.5098,0.4332
cluster_sctab10_ooc,scarf+scarf,leiden md0.3 ep100,39.01,6.267,4,78,79,1.0,0.8474,0.5015,0.3667
cluster_sctab10_ooc,scarf+scarf,leiden md0.3 ep200,73.63,6.169,11,76,79,1.0,0.8531,0.4992,0.3464
cluster_sctab10_ooc,scarf+scarf,leiden md0.5 ep100,39.55,6.439,1,79,79,1.0,0.8365,0.4893,0.3579
cluster_sctab10_ooc,scarf+scarf,leiden md0.5 ep200,74.21,6.364,2,72,79,1.0,0.8455,0.4998,0.368
cluster_stab_fetal_s1,seurat+log,spectral md0.1 ep200,388.48,9.327,74,71,77,0.971,0.8694,0.3505,0.6267
cluster_stab_fetal_s1,seurat+log,multilevel md0.5 ep100,79.24,9.384,2,77,77,1.0,0.7616,0.5857,0.5863
cluster_stab_fetal_s1,seurat_floor+scarf,spectral md0.1 ep200,344.11,9.852,32,59,77,0.935,0.9629,0.4232,0.3286
cluster_stab_fetal_s1,seurat_floor+scarf,multilevel md0.5 ep100,80.92,9.908,1,77,77,1.0,0.946,0.5899,0.3949
cluster_stab_fetal_s2,seurat+log,spectral md0.1 ep200,401.77,9.588,79,72,77,0.98,0.8724,0.3132,0.6585
cluster_stab_fetal_s2,seurat+log,multilevel md0.5 ep100,81.76,9.456,1,77,77,1.0,0.7615,0.5852,0.5787
cluster_stab_fetal_s2,seurat_floor+scarf,spectral md0.1 ep200,415.83,9.563,23,67,77,0.966,0.9635,0.246,0.4266
cluster_stab_fetal_s2,seurat_floor+scarf,multilevel md0.5 ep100,81.97,9.622,1,77,77,1.0,0.9473,0.5456,0.3979
cluster_stab_sctab_s1,seurat+log,spectral md0.1 ep200,174.38,5.833,72,48,79,0.881,0.8676,0.27,0.3545
cluster_stab_sctab_s1,seurat+log,multilevel md0.5 ep100,49.8,6.046,2,79,79,1.0,0.8432,0.5671,0.5145
cluster_stab_sctab_s1,seurat_floor+scarf,spectral md0.1 ep200,217.81,6.182,51,55,79,0.921,0.8841,0.2216,0.3595
cluster_stab_sctab_s1,seurat_floor+scarf,multilevel md0.5 ep100,51.38,6.346,3,79,79,1.0,0.8542,0.4939,0.3934
cluster_stab_sctab_s2,seurat+log,spectral md0.1 ep200,163.64,6.371,72,44,79,0.866,0.8658,0.3325,0.3577
cluster_stab_sctab_s2,seurat+log,multilevel md0.5 ep100,49.88,5.852,1,79,79,1.0,0.8409,0.6017,0.5342
cluster_stab_sctab_s2,seurat_floor+scarf,spectral md0.1 ep200,211.49,6.26,50,52,79,0.921,0.8819,0.3094,0.4296
cluster_stab_sctab_s2,seurat_floor+scarf,multilevel md0.5 ep100,50.3,6.704,1,79,79,1.0,0.8517,0.5528,0.4484
laptop_fetal1m_ooc,seurat+log,spectral md0.1 ep200,85.45,1.471,56,55,77,0.937,0.8924,0.4813,0.6105
laptop_fetal1m_ooc,seurat+log,spectral md0.5 ep100,63.07,0.89,3,77,77,1.0,0.8542,0.455,0.6198
laptop_fetal1m_ooc,seurat+log,spectral md0.5 ep200,82.53,0.885,11,75,77,0.999,0.8715,0.475,0.6202
laptop_fetal1m_ooc,seurat+log,kmeans md0.5 ep100,32.77,0.821,2,75,77,1.0,0.8527,0.6068,0.5499
laptop_fetal1m_ooc,seurat+log,kmeans md0.5 ep200,53.89,0.818,3,75,77,1.0,0.8734,0.6058,0.5583
laptop_fetal1m_ooc,seurat+log,multilevel md0.5 ep100,33.12,1.027,1,77,77,1.0,0.8335,0.5943,0.666
laptop_fetal1m_ooc,seurat+log,multilevel md0.5 ep200,55.42,1.149,2,77,77,1.0,0.8608,0.6023,0.6505
laptop_fetal1m_ooc,seurat+log,leiden md0.5 ep100,23.22,0.922,1,77,77,1.0,0.8565,0.6297,0.5054
laptop_fetal1m_ooc,seurat+log,leiden md0.5 ep200,44.64,0.903,4,77,77,1.0,0.8714,0.654,0.4956
laptop_fetal1m_ooc,seurat_floor+log,spectral md0.1 ep200,74.21,1.356,19,67,77,0.969,0.953,0.4885,0.6796
laptop_fetal1m_ooc,seurat_floor+log,multilevel md0.5 ep200,55.14,0.888,4,75,77,1.0,0.9469,0.5905,0.7185
laptop_fetal1m_ooc,seurat_floor+scarf,spectral md0.1 ep200,85.21,1.099,24,64,77,0.973,0.963,0.5388,0.4945
laptop_fetal1m_ooc,seurat_floor+scarf,spectral md0.5 ep100,61.73,0.896,5,76,77,1.0,0.9549,0.5582,0.5215
laptop_fetal1m_ooc,seurat_floor+scarf,spectral md0.5 ep200,89.3,0.87,9,73,77,0.999,0.9605,0.5542,0.5035
laptop_fetal1m_ooc,seurat_floor+scarf,kmeans md0.5 ep100,33.79,0.924,1,77,77,1.0,0.9508,0.5274,0.2784
laptop_fetal1m_ooc,seurat_floor+scarf,kmeans md0.5 ep200,57.28,0.943,3,77,77,1.0,0.9598,0.4973,0.2299
laptop_fetal1m_ooc,seurat_floor+scarf,multilevel md0.5 ep100,35.15,0.948,1,77,77,1.0,0.9477,0.5089,0.3585
laptop_fetal1m_ooc,seurat_floor+scarf,multilevel md0.5 ep200,57.38,0.977,2,77,77,1.0,0.9607,0.4716,0.3562
laptop_fetal1m_ooc,seurat_floor+scarf,leiden md0.5 ep100,23.52,0.946,1,77,77,1.0,0.9486,0.4745,0.2912
laptop_fetal1m_ooc,seurat_floor+scarf,leiden md0.5 ep200,46.3,1.216,2,77,77,1.0,0.9607,0.5125,0.3629
laptop_fetal1m_ooc,scarf+log,spectral md0.1 ep200,80.14,0.948,24,54,77,0.917,0.9589,0.3916,0.5209
laptop_fetal1m_ooc,scarf+log,multilevel md0.5 ep200,58.61,0.932,4,75,77,1.0,0.9535,0.6008,0.7784
laptop_fetal1m_ooc,scarf+scarf,spectral md0.1 ep200,90.75,0.994,23,66,77,0.979,0.9649,0.4616,0.539
laptop_fetal1m_ooc,scarf+scarf,spectral md0.5 ep100,63.9,0.913,5,75,77,1.0,0.9477,0.4296,0.5317
laptop_fetal1m_ooc,scarf+scarf,spectral md0.5 ep200,90.33,0.88,8,74,77,1.0,0.9608,0.4353,0.5223
laptop_fetal1m_ooc,scarf+scarf,kmeans md0.5 ep100,33.78,0.861,1,77,77,1.0,0.9564,0.5476,0.2986
laptop_fetal1m_ooc,scarf+scarf,kmeans md0.5 ep200,57.87,0.872,3,77,77,1.0,0.9617,0.552,0.2929
laptop_fetal1m_ooc,scarf+scarf,multilevel md0.5 ep100,35.33,0.959,1,77,77,1.0,0.9483,0.5102,0.4323
laptop_fetal1m_ooc,scarf+scarf,multilevel md0.5 ep200,57.12,1.157,5,75,77,1.0,0.9609,0.5536,0.4442
laptop_fetal1m_ooc,scarf+scarf,leiden md0.5 ep100,23.59,0.873,1,77,77,1.0,0.9547,0.5035,0.3356
laptop_fetal1m_ooc,scarf+scarf,leiden md0.5 ep200,46.06,0.976,2,75,77,1.0,0.9604,0.4805,0.3062
laptop_fetal4m_ooc,seurat+log,spectral md0.1 ep200,450.16,1.975,70,71,77,0.974,0.8721,0.422,0.6055
laptop_fetal4m_ooc,seurat+log,spectral md0.5 ep100,318.65,2.185,1,77,77,1.0,0.7711,0.453,0.629
laptop_fetal4m_ooc,seurat+log,spectral md0.5 ep200,451.02,2.35,3,77,77,1.0,0.8218,0.48,0.6266
laptop_fetal4m_ooc,seurat+log,kmeans md0.5 ep100,151.08,2.284,1,77,77,1.0,0.7884,0.6246,0.5002
laptop_fetal4m_ooc,seurat+log,kmeans md0.5 ep200,272.13,2.085,1,77,77,1.0,0.8237,0.6296,0.4964
laptop_fetal4m_ooc,seurat+log,multilevel md0.5 ep100,160.71,2.141,1,77,77,1.0,0.7563,0.5774,0.5997
laptop_fetal4m_ooc,seurat+log,multilevel md0.5 ep200,293.17,2.348,1,77,77,1.0,0.8138,0.6127,0.6052
laptop_fetal4m_ooc,seurat+log,leiden md0.5 ep100,156.91,1.787,1,77,77,1.0,0.5481,0.3725,0.3642
laptop_fetal4m_ooc,seurat+log,leiden md0.5 ep200,265.23,2.176,1,77,77,1.0,0.7261,0.3548,0.3944
laptop_fetal4m_ooc,seurat_floor+scarf,spectral md0.1 ep200,531.25,2.434,28,65,77,0.963,0.9613,0.3544,0.4417
laptop_fetal4m_ooc,seurat_floor+scarf,spectral md0.5 ep100,390.29,2.182,2,77,77,1.0,0.9405,0.3499,0.4533
laptop_fetal4m_ooc,seurat_floor+scarf,spectral md0.5 ep200,497.46,2.173,5,76,77,1.0,0.951,0.3716,0.4491
laptop_fetal4m_ooc,seurat_floor+scarf,kmeans md0.5 ep100,152.95,3.255,1,77,77,1.0,0.942,0.5632,0.2976
laptop_fetal4m_ooc,seurat_floor+scarf,kmeans md0.5 ep200,276.47,3.147,2,77,77,1.0,0.9574,0.5665,0.2971
laptop_fetal4m_ooc,seurat_floor+scarf,multilevel md0.5 ep100,162.76,3.294,1,77,77,1.0,0.947,0.5685,0.4019
laptop_fetal4m_ooc,seurat_floor+scarf,multilevel md0.5 ep200,287.23,3.352,4,76,77,1.0,0.956,0.5706,0.3823
laptop_fetal4m_ooc,seurat_floor+scarf,leiden md0.5 ep100,138.5,3.195,1,77,77,1.0,0.9444,0.5433,0.3286
laptop_fetal4m_ooc,seurat_floor+scarf,leiden md0.5 ep200,265.39,3.403,4,76,77,1.0,0.9588,0.5317,0.3441
laptop_fetal4m_ooc,scarf+scarf,spectral md0.1 ep200,396.15,3.196,31,65,77,0.961,0.9649,0.2911,0.3856
laptop_fetal4m_ooc,scarf+scarf,spectral md0.5 ep100,275.86,2.675,1,77,77,1.0,0.9429,0.3009,0.4042
laptop_fetal4m_ooc,scarf+scarf,spectral md0.5 ep200,408.31,2.739,8,75,77,0.998,0.9585,0.3087,0.4013
laptop_fetal4m_ooc,scarf+scarf,kmeans md0.5 ep100,149.99,2.666,1,77,77,1.0,0.9425,0.6187,0.3702
laptop_fetal4m_ooc,scarf+scarf,kmeans md0.5 ep200,270.55,2.901,1,77,77,1.0,0.9578,0.629,0.3481
laptop_fetal4m_ooc,scarf+scarf,multilevel md0.5 ep100,159.14,3.049,1,77,77,1.0,0.9544,0.5709,0.4928
laptop_fetal4m_ooc,scarf+scarf,multilevel md0.5 ep200,303.26,2.305,2,76,77,1.0,0.9607,0.5564,0.4912
laptop_fetal4m_ooc,scarf+scarf,leiden md0.5 ep100,145.97,2.639,1,77,77,1.0,0.9559,0.577,0.3622
laptop_fetal4m_ooc,scarf+scarf,leiden md0.5 ep200,261.16,2.465,2,76,77,1.0,0.9603,0.5616,0.3695
laptop_small_neuron10k,seurat+log,spectral md0.1 ep200,0.73,0.943,11,24,25,0.997,0.9942,,0.6766
laptop_small_neuron10k,seurat+log,spectral md0.5 ep100,0.45,0.943,7,24,25,1.0,0.9942,,0.6326
laptop_small_neuron10k,seurat+log,spectral md0.5 ep200,0.74,0.943,5,25,25,1.0,0.9937,,0.6489
laptop_small_neuron10k,seurat+log,kmeans md0.5 ep100,0.92,0.943,6,25,25,1.0,0.9962,,0.6148
laptop_small_neuron10k,seurat+log,kmeans md0.5 ep200,1.2,0.943,5,25,25,1.0,0.996,,0.6101
laptop_small_neuron10k,seurat+log,multilevel md0.5 ep100,1.07,1.042,5,24,25,1.0,0.9923,,0.602
laptop_small_neuron10k,seurat+log,multilevel md0.5 ep200,1.33,1.042,5,25,25,1.0,0.9961,,0.6521
laptop_small_neuron10k,seurat+log,leiden md0.5 ep100,0.3,1.042,4,24,25,1.0,0.9939,,0.584
laptop_small_neuron10k,seurat+log,leiden md0.5 ep200,0.58,1.042,5,25,25,1.0,0.9948,,0.6435
laptop_small_neuron10k,seurat_floor+log,spectral md0.1 ep200,0.73,1.109,12,25,26,0.994,0.9912,,0.6693
laptop_small_neuron10k,seurat_floor+log,multilevel md0.5 ep200,1.31,1.117,4,26,26,1.0,0.9927,,0.6443
laptop_small_neuron10k,seurat_floor+scarf,spectral md0.1 ep200,0.73,1.133,14,24,26,0.997,0.9943,,0.6793
laptop_small_neuron10k,seurat_floor+scarf,spectral md0.5 ep100,0.42,1.133,5,26,26,1.0,0.9908,,0.6268
laptop_small_neuron10k,seurat_floor+scarf,spectral md0.5 ep200,0.69,1.133,6,26,26,1.0,0.9932,,0.6426
laptop_small_neuron10k,seurat_floor+scarf,kmeans md0.5 ep100,0.92,1.133,2,26,26,1.0,0.993,,0.5355
laptop_small_neuron10k,seurat_floor+scarf,kmeans md0.5 ep200,1.2,1.133,4,26,26,1.0,0.9919,,0.5029
laptop_small_neuron10k,seurat_floor+scarf,multilevel md0.5 ep100,1.04,1.133,5,26,26,1.0,0.9906,,0.5658
laptop_small_neuron10k,seurat_floor+scarf,multilevel md0.5 ep200,1.36,1.133,6,26,26,1.0,0.9923,,0.6102
laptop_small_neuron10k,seurat_floor+scarf,leiden md0.5 ep100,0.29,1.133,5,26,26,1.0,0.9884,,0.5
laptop_small_neuron10k,seurat_floor+scarf,leiden md0.5 ep200,0.57,1.133,7,26,26,1.0,0.9922,,0.5156
laptop_small_neuron10k,scarf+log,spectral md0.1 ep200,0.73,1.141,12,20,25,0.999,0.9931,,0.667
laptop_small_neuron10k,scarf+log,multilevel md0.5 ep200,1.35,1.141,4,23,25,1.0,0.994,,0.7282
laptop_small_neuron10k,scarf+scarf,spectral md0.1 ep200,0.71,1.159,12,26,27,0.998,0.9934,,0.65
laptop_small_neuron10k,scarf+scarf,spectral md0.5 ep100,0.43,1.159,5,27,27,1.0,0.9939,,0.5838
laptop_small_neuron10k,scarf+scarf,spectral md0.5 ep200,0.71,1.159,5,27,27,1.0,0.9938,,0.643
laptop_small_neuron10k,scarf+scarf,kmeans md0.5 ep100,0.92,1.159,3,27,27,1.0,0.9943,,0.5289
laptop_small_neuron10k,scarf+scarf,kmeans md0.5 ep200,1.22,1.159,6,27,27,1.0,0.9958,,0.544
laptop_small_neuron10k,scarf+scarf,multilevel md0.5 ep100,1.03,1.159,5,27,27,1.0,0.9912,,0.4588
laptop_small_neuron10k,scarf+scarf,multilevel md0.5 ep200,1.32,1.159,5,27,27,1.0,0.9925,,0.4912
laptop_small_neuron10k,scarf+scarf,leiden md0.5 ep100,0.3,1.159,4,27,27,1.0,0.9927,,0.4841
laptop_small_neuron10k,scarf+scarf,leiden md0.5 ep200,0.58,1.159,6,27,27,1.0,0.9932,,0.3875
laptop_small_pbmc10k,seurat+log,spectral md0.1 ep200,0.69,0.827,18,20,21,0.99,0.9979,,0.5559
laptop_small_pbmc10k,seurat+log,spectral md0.5 ep100,0.42,0.827,9,21,21,0.996,0.9981,,0.4851
laptop_small_pbmc10k,seurat+log,spectral md0.5 ep200,0.7,0.827,11,20,21,0.998,0.9979,,0.5024
laptop_small_pbmc10k,seurat+log,kmeans md0.5 ep100,0.92,0.828,7,20,21,0.997,0.9982,,0.563
laptop_small_pbmc10k,seurat+log,kmeans md0.5 ep200,1.2,0.828,7,21,21,1.0,0.9983,,0.6161
laptop_small_pbmc10k,seurat+log,multilevel md0.5 ep100,1.11,0.932,5,21,21,0.997,0.9984,,0.5151
laptop_small_pbmc10k,seurat+log,multilevel md0.5 ep200,1.4,0.958,8,20,21,0.999,0.9983,,0.5329
laptop_small_pbmc10k,seurat+log,leiden md0.5 ep100,0.3,0.958,9,21,21,0.997,0.9986,,0.5293
laptop_small_pbmc10k,seurat+log,leiden md0.5 ep200,0.58,0.958,7,21,21,1.0,0.9975,,0.6035
laptop_small_pbmc10k,seurat_floor+log,spectral md0.1 ep200,0.83,1.02,12,20,21,0.998,0.9972,,0.4624
laptop_small_pbmc10k,seurat_floor+log,multilevel md0.5 ep200,1.32,1.028,10,21,21,0.998,0.9988,,0.3631
laptop_small_pbmc10k,seurat_floor+scarf,spectral md0.1 ep200,0.91,1.037,17,19,21,0.995,0.997,,0.3867
laptop_small_pbmc10k,seurat_floor+scarf,spectral md0.5 ep100,0.55,1.037,9,19,21,0.998,0.9978,,0.3818
laptop_small_pbmc10k,seurat_floor+scarf,spectral md0.5 ep200,0.82,1.037,9,19,21,1.0,0.9976,,0.386
laptop_small_pbmc10k,seurat_floor+scarf,kmeans md0.5 ep100,0.93,1.037,8,20,21,0.999,0.997,,0.5025
laptop_small_pbmc10k,seurat_floor+scarf,kmeans md0.5 ep200,1.21,1.037,10,19,21,1.0,0.9973,,0.5573
laptop_small_pbmc10k,seurat_floor+scarf,multilevel md0.5 ep100,1.05,1.053,5,19,21,0.999,0.996,,0.3702
laptop_small_pbmc10k,seurat_floor+scarf,multilevel md0.5 ep200,1.34,1.07,10,19,21,1.0,0.9972,,0.3295
laptop_small_pbmc10k,seurat_floor+scarf,leiden md0.5 ep100,0.32,1.07,9,17,21,0.997,0.9957,,0.3479
laptop_small_pbmc10k,seurat_floor+scarf,leiden md0.5 ep200,0.6,1.07,9,18,21,1.0,0.9981,,0.4336
laptop_small_pbmc10k,scarf+log,spectral md0.1 ep200,0.74,1.074,15,19,20,0.997,0.998,,0.3665
laptop_small_pbmc10k,scarf+log,multilevel md0.5 ep200,1.39,1.075,9,18,20,1.0,0.9986,,0.3896
laptop_small_pbmc10k,scarf+scarf,spectral md0.1 ep200,0.77,1.084,17,22,23,0.995,0.9945,,0.4797
laptop_small_pbmc10k,scarf+scarf,spectral md0.5 ep100,0.47,1.084,7,21,23,0.999,0.9969,,0.3748
laptop_small_pbmc10k,scarf+scarf,spectral md0.5 ep200,0.76,1.084,6,23,23,0.999,0.997,,0.508
laptop_small_pbmc10k,scarf+scarf,kmeans md0.5 ep100,0.96,1.084,10,21,23,1.0,0.9974,,0.463
laptop_small_pbmc10k,scarf+scarf,kmeans md0.5 ep200,1.21,1.085,10,22,23,1.0,0.9971,,0.5312
laptop_small_pbmc10k,scarf+scarf,multilevel md0.5 ep100,1.04,1.085,8,21,23,0.998,0.998,,0.3521
laptop_small_pbmc10k,scarf+scarf,multilevel md0.5 ep200,1.38,1.101,12,20,23,1.0,0.9979,,0.3502
laptop_small_pbmc10k,scarf+scarf,leiden md0.5 ep100,0.31,1.101,4,22,23,1.0,0.9983,,0.3696
laptop_small_pbmc10k,scarf+scarf,leiden md0.5 ep200,0.64,1.101,9,21,23,0.999,0.9977,,0.4966
laptop_small_pbmc20k,seurat+log,spectral md0.1 ep200,1.52,0.554,17,20,23,0.997,0.9953,,0.4169
laptop_small_pbmc20k,seurat+log,spectral md0.5 ep100,1.06,0.555,10,21,23,0.998,0.9976,,0.4032
laptop_small_pbmc20k,seurat+log,spectral md0.5 ep200,1.52,0.555,11,21,23,0.999,0.997,,0.4203
laptop_small_pbmc20k,seurat+log,kmeans md0.5 ep100,1.82,0.555,6,22,23,1.0,0.9973,,0.4996
laptop_small_pbmc20k,seurat+log,kmeans md0.5 ep200,2.34,0.555,6,22,23,1.0,0.9965,,0.6081
laptop_small_pbmc20k,seurat+log,multilevel md0.5 ep100,1.91,0.654,7,21,23,0.999,0.9962,,0.6719
laptop_small_pbmc20k,seurat+log,multilevel md0.5 ep200,2.49,0.662,11,21,23,0.999,0.9974,,0.6653
laptop_small_pbmc20k,seurat+log,leiden md0.5 ep100,0.58,0.662,7,20,23,0.999,0.9961,,0.6216
laptop_small_pbmc20k,seurat+log,leiden md0.5 ep200,1.14,0.662,8,19,23,1.0,0.9968,,0.6081
laptop_small_pbmc20k,seurat_floor+log,spectral md0.1 ep200,1.47,0.719,19,25,28,0.998,0.9932,,0.3245
laptop_small_pbmc20k,seurat_floor+log,multilevel md0.5 ep200,2.47,0.728,8,28,28,1.0,0.9954,,0.5689
laptop_small_pbmc20k,seurat_floor+scarf,spectral md0.1 ep200,1.48,0.735,17,21,24,0.996,0.9943,,0.377
laptop_small_pbmc20k,seurat_floor+scarf,spectral md0.5 ep100,0.92,0.735,8,22,24,1.0,0.9949,,0.3559
laptop_small_pbmc20k,seurat_floor+scarf,spectral md0.5 ep200,1.51,0.735,10,22,24,1.0,0.9948,,0.4082
laptop_small_pbmc20k,seurat_floor+scarf,kmeans md0.5 ep100,1.8,0.735,2,24,24,1.0,0.9953,,0.2767
laptop_small_pbmc20k,seurat_floor+scarf,kmeans md0.5 ep200,2.35,0.735,3,23,24,1.0,0.9951,,0.2819
laptop_small_pbmc20k,seurat_floor+scarf,multilevel md0.5 ep100,1.96,0.757,4,24,24,1.0,0.9949,,0.4206
laptop_small_pbmc20k,seurat_floor+scarf,multilevel md0.5 ep200,2.46,0.765,8,22,24,1.0,0.9948,,0.4432
laptop_small_pbmc20k,seurat_floor+scarf,leiden md0.5 ep100,0.59,0.765,6,23,24,0.999,0.9917,,0.418
laptop_small_pbmc20k,seurat_floor+scarf,leiden md0.5 ep200,1.15,0.765,8,22,24,1.0,0.9953,,0.3863
laptop_small_pbmc20k,scarf+log,spectral md0.1 ep200,1.47,0.664,20,22,25,0.995,0.9953,,0.3297
laptop_small_pbmc20k,scarf+log,multilevel md0.5 ep200,2.46,0.754,9,24,25,1.0,0.996,,0.5653
laptop_small_pbmc20k,scarf+scarf,spectral md0.1 ep200,1.38,0.764,15,20,24,0.998,0.9939,,0.4009
laptop_small_pbmc20k,scarf+scarf,spectral md0.5 ep100,0.81,0.764,7,21,24,0.999,0.9942,,0.4175
laptop_small_pbmc20k,scarf+scarf,spectral md0.5 ep200,1.37,0.764,8,20,24,1.0,0.9943,,0.4179
laptop_small_pbmc20k,scarf+scarf,kmeans md0.5 ep100,1.8,0.764,5,22,24,1.0,0.9967,,0.2822
laptop_small_pbmc20k,scarf+scarf,kmeans md0.5 ep200,2.35,0.764,7,23,24,1.0,0.9965,,0.3215
laptop_small_pbmc20k,scarf+scarf,multilevel md0.5 ep100,1.96,0.766,4,23,24,1.0,0.9955,,0.2474
laptop_small_pbmc20k,scarf+scarf,multilevel md0.5 ep200,2.47,0.766,7,23,24,1.0,0.9951,,0.3074
laptop_small_pbmc20k,scarf+scarf,leiden md0.5 ep100,0.58,0.766,3,24,24,1.0,0.9931,,0.2984
laptop_small_pbmc20k,scarf+scarf,leiden md0.5 ep200,1.15,0.766,6,23,24,1.0,0.9956,,0.3381
laptop_small_pbmc3k,seurat+log,spectral md0.1 ep200,0.19,0.508,6,8,8,0.986,0.9977,0.2731,0.1494
laptop_small_pbmc3k,seurat+log,spectral md0.5 ep100,0.11,0.508,5,8,8,0.985,0.9996,0.4094,0.3974
laptop_small_pbmc3k,seurat+log,spectral md0.5 ep200,0.18,0.508,5,7,8,0.99,0.9992,0.3651,0.2365
laptop_small_pbmc3k,seurat+log,kmeans md0.5 ep100,0.25,0.508,5,8,8,0.99,0.9992,0.1478,0.1095
laptop_small_pbmc3k,seurat+log,kmeans md0.5 ep200,0.32,0.508,3,8,8,0.997,0.9992,0.0219,0.0837
laptop_small_pbmc3k,seurat+log,multilevel md0.5 ep100,0.36,0.613,9,7,8,0.984,1.0,0.2118,0.1363
laptop_small_pbmc3k,seurat+log,multilevel md0.5 ep200,0.43,0.622,6,8,8,0.989,0.9989,0.0985,0.0788
laptop_small_pbmc3k,seurat+log,leiden md0.5 ep100,0.09,0.622,6,7,8,0.989,0.9992,0.243,0.1834
laptop_small_pbmc3k,seurat+log,leiden md0.5 ep200,0.16,0.622,6,8,8,0.976,0.9996,0.1505,0.2222
laptop_small_pbmc3k,seurat_floor+log,spectral md0.1 ep200,0.24,0.641,7,7,8,0.978,0.9981,0.6223,0.5911
laptop_small_pbmc3k,seurat_floor+log,multilevel md0.5 ep200,0.46,0.649,4,8,8,0.988,0.9992,0.4226,0.3388
laptop_small_pbmc3k,seurat_floor+scarf,spectral md0.1 ep200,0.19,0.651,6,8,8,0.987,0.9989,0.3125,0.3361
laptop_small_pbmc3k,seurat_floor+scarf,spectral md0.5 ep100,0.12,0.651,8,8,8,0.979,0.9992,0.3503,0.3525
laptop_small_pbmc3k,seurat_floor+scarf,spectral md0.5 ep200,0.19,0.651,9,8,8,0.985,0.9996,0.4154,0.4423
laptop_small_pbmc3k,seurat_floor+scarf,kmeans md0.5 ep100,0.25,0.651,6,8,8,0.988,0.9981,0.52,0.5889
laptop_small_pbmc3k,seurat_floor+scarf,kmeans md0.5 ep200,0.33,0.651,5,8,8,0.992,0.9992,0.4034,0.4483
laptop_small_pbmc3k,seurat_floor+scarf,multilevel md0.5 ep100,0.38,0.667,11,8,8,0.976,1.0,0.4915,0.5736
laptop_small_pbmc3k,seurat_floor+scarf,multilevel md0.5 ep200,0.45,0.667,7,7,8,0.988,1.0,0.4817,0.4111
laptop_small_pbmc3k,seurat_floor+scarf,leiden md0.5 ep100,0.09,0.667,10,8,8,0.983,0.9992,0.335,0.3892
laptop_small_pbmc3k,seurat_floor+scarf,leiden md0.5 ep200,0.17,0.667,7,8,8,0.984,0.9989,0.3875,0.3541
laptop_small_pbmc3k,scarf+log,spectral md0.1 ep200,0.2,0.673,7,7,8,0.972,0.9962,0.642,0.6289
laptop_small_pbmc3k,scarf+log,multilevel md0.5 ep200,0.44,0.681,5,7,8,0.973,0.9992,0.4833,0.497
laptop_small_pbmc3k,scarf+scarf,spectral md0.1 ep200,0.2,0.682,8,7,8,0.97,0.9943,0.5681,0.6289
laptop_small_pbmc3k,scarf+scarf,spectral md0.5 ep100,0.11,0.682,6,8,8,0.989,0.9985,0.6508,0.5342
laptop_small_pbmc3k,scarf+scarf,spectral md0.5 ep200,0.19,0.682,7,8,8,0.987,0.9992,0.6793,0.6338
laptop_small_pbmc3k,scarf+scarf,kmeans md0.5 ep100,0.26,0.682,7,8,8,0.985,0.9996,0.4083,0.4559
laptop_small_pbmc3k,scarf+scarf,kmeans md0.5 ep200,0.34,0.682,7,8,8,0.98,0.9996,0.4718,0.4882
laptop_small_pbmc3k,scarf+scarf,multilevel md0.5 ep100,0.37,0.682,7,8,8,0.984,0.9989,0.3996,0.3476
laptop_small_pbmc3k,scarf+scarf,multilevel md0.5 ep200,0.46,0.69,7,8,8,0.986,0.9992,0.7132,0.647
laptop_small_pbmc3k,scarf+scarf,leiden md0.5 ep100,0.1,0.69,6,8,8,0.966,1.0,0.5528,0.5583
laptop_small_pbmc3k,scarf+scarf,leiden md0.5 ep200,0.17,0.69,10,8,8,0.981,0.9992,0.3016,0.3065
