cluster,size,published_type,purity,overlap,overlap_other_types_mean,overlap_other_types_max,shared_genes
50,172853,Excitatory neurons,0.999,4,0.34,6,"MLLT3, NKAIN2, SATB2, SLC44A5"
23,145077,Astrocytes,0.999,6,0.26,3,"CTNNA3, GPM6B, MAPK10, PTN, SLC1A3, TNC"
51,140300,Excitatory neurons,0.999,0,0.29,3,
52,124580,Excitatory neurons,0.998,1,0.36,3,MLLT3
24,122391,Granule neurons,0.989,5,0.49,3,"GRIK2, KLHL29, NELL2, RELN, UNC13C"
53,112512,Excitatory neurons,0.994,0,0.24,5,
25,112249,Purkinje neurons,1.0,14,0.58,16,"AUTS2, CNTNAP4, DAB1, DMD, EBF1, FOXP2, GRIK1, HS6ST3, ITPR1, LPHN2, PRKG1, RALYL, RORA, SDK1"
54,108105,Excitatory neurons,1.0,4,0.42,9,"NELL2, NKAIN2, SATB2, SLC44A5"
55,107985,Excitatory neurons,0.997,8,0.39,7,"ARPP21, DOK5, FLRT2, KCNQ5, NELL2, NKAIN2, SATB2, SLC44A5"
56,106528,Excitatory neurons,1.0,6,0.53,9,"ARPP21, DOK5, KCNQ5, NKAIN2, SATB2, SLC44A5"
57,106507,Excitatory neurons,0.999,1,0.38,3,PEX5L
58,105268,Inhibitory neurons,0.98,1,0.45,4,NRXN3
26,86626,Astrocytes,0.997,9,0.17,2,"CST3, DCLK2, GPM6B, NFIA, NPAS3, NTRK2, PTN, SLC1A3, ZBTB20"
59,72638,Excitatory neurons,0.993,2,0.29,3,"NKAIN2, SATB2"
27,65256,Purkinje neurons,1.0,14,0.5,11,"AUTS2, BAI3, DAB1, DMD, EBF1, FOXP2, GRIK1, IL1RAPL2, ITPR1, KCTD8, LPHN2, PRKG1, RALYL, RORA"
28,64385,Granule neurons,0.998,4,0.43,4,"DCDC1, GRIK2, KLHL29, RELN"
60,59501,Excitatory neurons,0.999,3,0.59,6,"KCNQ5, NKAIN2, SATB2"
29,54121,Inhibitory interneurons,0.991,10,0.45,3,"GAD2, IGFBP5, NKAIN2, NRXN3, PAX2, PBX3, UNC5C, VCAN, XKR4, ZFPM2"
30,52010,Unipolar brush cells,0.967,8,0.28,2,"FAM19A2, GRIA2, HDAC9, LMX1A, MID1, STXBP5L, TMEM108, UNC5D"
61,51985,Inhibitory neurons,0.997,3,0.54,3,"NRXN3, PDE10A, RARB"
31,51662,Purkinje neurons,0.98,13,0.46,14,"AUTS2, CA8, DAB1, DMD, EBF1, FOXP2, GRIK1, HS6ST3, ITPR1, LPHN2, PRKG1, RALYL, RORA"
0,51421,Adrenocortical cells,0.996,9,0.25,3,"CYP11A1, CYP17A1, CYP21A2, DHCR24, DHCR7, HSPD1, MSMO1, SCARB1, STAR"
32,51206,Granule neurons,0.994,4,0.47,3,"EPB41L4A, FSTL4, GRIK2, RELN"
62,50507,Excitatory neurons,0.953,2,0.41,4,"C8orf34, PEX5L"
63,50327,Inhibitory neurons,0.995,3,0.29,2,"ERBB4, NRXN3, ZNF536"
64,48560,Astrocytes,0.983,9,0.36,3,"CST3, DCLK2, NFIA, NPAS3, PTN, RORA, SLC1A3, TNC, ZBTB20"
33,47510,Granule neurons,0.985,2,0.43,3,"FSTL4, HS3ST5"
1,46819,Adrenocortical cells,0.999,0,0.55,6,
65,45533,Limbic system neurons,0.987,4,0.3,2,"FAT3, NTNG1, RNF220, SAMD5"
66,41850,Excitatory neurons,0.999,5,0.39,6,"AFF3, LIMCH1, NKAIN2, SATB2, SLC44A5"
34,41509,Inhibitory interneurons,0.999,7,0.47,4,"MGAT4C, NKAIN2, NRXN3, SPOCK1, UNC5C, VCAN, XKR4"
67,39062,Inhibitory neurons,0.992,3,0.46,3,"BCL11B, NRXN3, RARB"
35,38350,Purkinje neurons,1.0,13,0.47,14,"AUTS2, CA8, DAB1, DMD, EBF1, FOXP2, GRIK1, HS6ST3, ITPR1, LPHN2, PRKG1, RALYL, RORA"
2,37986,Adrenocortical cells,0.998,9,0.11,2,"CYP11A1, CYP11B1, CYP17A1, FRMD5, HMGCS1, PAPSS2, SCARB1, SH3BP5, STAR"
68,37145,Excitatory neurons,0.99,0,0.25,2,
69,36999,Inhibitory neurons,0.989,5,0.26,2,"ADARB2, ERBB4, NRXN3, PDZRN3, ZNF536"
204,36611,Stromal cells,1.0,6,0.58,4,"FAM155A, GPC3, LSAMP, PIEZO2, RORA, SLIT2"
36,32120,Astrocytes,0.998,5,0.22,4,"CTNNA3, GPM6B, PTN, SLC1A3, TNC"
3,27807,Adrenocortical cells,1.0,1,0.37,3,FRMD5
205,27467,Bronchiolar and alveolar epithelial cells,0.995,13,0.18,2,"ATP11A, CPM, ETV5, FGFR2, FOXP2, NHSL1, NPC2, PTPN13, RNF220, ROS1, SEL1L3, SFTA3, SFTPC"
37,27360,Inhibitory interneurons,0.999,9,0.43,3,"MGAT4C, NEBL, NKAIN2, NRXN3, RP11-127H5.1, UNC5C, VCAN, XKR4, ZFPM2"
4,26384,Adrenocortical cells,1.0,6,0.13,2,"CYP11B1, FREM2, FRMD5, PAPSS2, SCARB1, SH3BP5"
70,24572,Inhibitory neurons,0.99,2,0.42,3,"ERBB4, RELN"
5,22857,Adrenocortical cells,1.0,6,0.12,1,"FRMD5, LDLR, PAPSS2, PDE10A, SCARB1, SH3BP5"
71,22120,Inhibitory neurons,0.996,3,0.46,4,"ADARB2, NRXN3, PTCHD4"
38,21329,Granule neurons,0.984,5,0.43,4,"GRIK2, MYRIP, NELL2, RELN, UNC13C"
156,20682,Metanephric cells,0.998,12,0.34,2,"BMPER, CNTN5, DCC, EYA1, FAT3, GRIK2, ITGA8, MAP2, NKAIN3, PCDH15, TRABD2B, UNC5C"
157,20556,Mesangial cells,0.997,12,0.37,4,"CCBE1, FREM1, GRID2, KIAA1217, NKAIN2, PALLD, PCDH9, PDE4D, PRICKLE1, SULT1E1, SYT1, TNC"
6,20401,Adrenocortical cells,1.0,0,0.61,6,
7,20400,Chromaffin cells,0.996,8,0.54,9,"ALCAM, CADM2, KCNQ5, MAP1B, NRG1, RBFOX1, STMN2, TUBA1A"
206,20205,Stromal cells,0.999,1,0.29,3,TSHZ2
39,19691,SLC24A4_PEX5L positive cells,0.994,8,0.38,3,"C8orf34, CNTNAP2, ESRRG, FAM155A, FSTL5, GRM3, PTPRK, SAMD5"
207,19642,Bronchiolar and alveolar epithelial cells,0.997,7,0.17,2,"ATP11A, CPM, GPC5, LAMA3, MAGI3, SFTPB, SMARCA5"
208,18697,Stromal cells,0.999,8,0.37,3,"COL1A1, COL1A2, COL3A1, DCN, FAM155A, GPC3, PIEZO2, SLIT2"
8,17582,Adrenocortical cells,1.0,9,0.11,2,"CYP11A1, CYP11B1, FREM2, FRMD5, HMGCS1, PAPSS2, PDE10A, SCARB1, SH3BP5"
72,17399,Oligodendrocytes,0.986,13,0.36,2,"CADM2, CSMD1, KCND2, LHFPL3, LRP1B, LRRC4C, LSAMP, MDGA2, MMP16, PCDH15, PDE4B, PTPRZ1, SOX6"
106,16061,Cardiomyocytes,0.999,5,0.33,2,"FGF12, FHOD3, LARGE, RBM20, SLC8A1"
9,15989,Vascular endothelial cells,0.99,6,0.12,2,"CHRM3, EMCN, FLT1, LDB2, PPAP2B, PTPRM"
40,15962,Oligodendrocytes,0.997,14,0.32,2,"CADM2, CSMD1, KCND2, LHFPL3, LRP1B, LRRC4C, LSAMP, MDGA2, MMP16, PCDH15, PDGFRA, PTPRZ1, SNTG1, SOX6"
178,15520,Erythroblasts,0.983,1,0.09,1,ANK1
73,14964,SKOR2_NPSR1 positive cells,0.997,15,0.64,12,"CNTN5, DAB1, DMD, EBF1, FOXP2, GRID2, GRIK1, HS6ST3, KCNIP4, LINGO2, LPHN2, NRG1, PRKG1, RORA, ZNF385D"
179,14860,Hepatoblasts,1.0,5,0.32,3,"ALB, CPS1, GPC3, GPC5, IGF2"
209,14232,Bronchiolar and alveolar epithelial cells,0.998,3,0.33,2,"GPC5, MAGI3, SFTPB"
107,13992,Cardiomyocytes,0.99,0,0.09,4,
210,13218,Bronchiolar and alveolar epithelial cells,0.999,6,0.11,3,"ATP11A, CPM, NPC2, SFTPB, SFTPC, WIF1"
211,13145,Vascular endothelial cells,0.997,4,0.11,1,"COL4A1, COL4A2, LDB2, PTPRM"
74,13020,Inhibitory neurons,0.507,0,0.36,2,
180,12786,Erythroblasts,0.996,5,0.11,2,"ANK1, EPB41, RGS6, SLC25A37, TSPAN5"
10,12708,Adrenocortical cells,0.994,0,0.25,3,
11,12644,Adrenocortical cells,0.997,0,0.25,2,
181,12413,Hepatoblasts,0.995,16,0.43,17,"AFP, AHSG, ALB, AMBP, APOA1, APOA2, APOB, APOC3, APOE, FGB, IGF2, ITIH2, MT1G, SERPINA1, TF, VTN"
158,12316,Metanephric cells,1.0,10,0.32,2,"BMPER, DCC, EYA1, FAT3, ITGA8, MAP2, NKAIN3, PCDH15, TRABD2B, UNC5C"
108,10596,Stromal cells,0.998,10,0.22,3,"COL1A1, COL1A2, COL3A1, COL5A1, COL5A2, COL6A2, DCN, IGF2, POSTN, SPARC"
159,10572,Metanephric cells,0.999,1,0.25,2,DAB1
212,10358,Bronchiolar and alveolar epithelial cells,1.0,9,0.22,3,"ATP11A, CPM, FOXP2, NHSL1, PTPN13, RNF220, ROS1, SEL1L3, SFTA3"
12,10225,Stromal cells,0.989,8,0.32,4,"COL1A1, COL1A2, COL3A1, COL5A1, COL5A2, DCN, GPC3, POSTN"
160,9682,Metanephric cells,1.0,10,0.45,2,"BMPER, CNTN5, DCC, EYA1, FAT3, ITGA8, NKAIN3, NRXN1, PCDH15, UNC5C"
41,9606,Purkinje neurons,0.979,14,0.46,14,"AUTS2, CA8, DAB1, DGKH, DMD, EBF1, FOXP2, GRIK1, HS6ST3, ITPR1, LPHN2, PRKG1, RALYL, RORA"
75,9375,Vascular endothelial cells,0.997,7,0.2,3,"COL4A1, COL4A2, FLT1, FN1, IGFBP7, ITM2A, SPARC"
161,9310,Metanephric cells,0.992,0,0.32,4,
79,8729,Retinal progenitors and Muller glia,0.969,6,0.26,2,"CLVS1, CRB1, GABRG3, LGR4, LPHN2, ZHX2"
162,8401,Mesangial cells,0.991,6,0.39,4,"ATRNL1, CNTNAP2, IL1RAPL1, PALLD, PCDH9, PDE4D"
213,8240,Bronchiolar and alveolar epithelial cells,0.989,3,0.12,1,"ATP11A, CPM, FOXP2"
163,8139,Mesangial cells,0.999,10,0.33,3,"CCBE1, GRID2, KIF26B, NKAIN2, PALLD, PDE4D, PRICKLE1, SULT1E1, SYT1, TNC"
76,7834,Inhibitory neurons,0.983,3,0.34,2,"ADARB2, ERBB4, NRXN3"
13,7455,Adrenocortical cells,0.998,0,0.47,4,
14,7425,Adrenocortical cells,0.999,6,0.22,2,"CYP11A1, CYP17A1, CYP21A2, DHCR24, HSPD1, STAR"
109,7355,Endocardial cells,0.998,8,0.22,4,"CALCRL, CDH11, ENG, FOXC1, HMCN1, LEPR, POSTN, SPARCL1"
42,7326,Vascular endothelial cells,0.997,7,0.11,2,"COL4A1, COL4A2, FLT1, FN1, IGFBP7, ITM2A, SPARC"
214,7263,Stromal cells,0.996,3,0.38,3,"CDH11, LSAMP, PIEZO2"
276,7129,Syncytiotrophoblasts and villous cytotrophoblasts,0.999,14,0.22,3,"ARL15, FBN2, KANK1, KIAA1217, LGR5, MSI2, NAALADL2, PCDH11X, PDE4B, SEMA6D, TBL1X, TENM3, TMTC2, ZFAT"
110,7031,Cardiomyocytes,0.995,1,0.14,5,SLC8A1
164,6947,Metanephric cells,0.999,0,0.21,3,
127,6927,Intestinal epithelial cells,0.998,5,0.21,3,"C10orf112, CPS1, LGALS3, PCSK5, THRB"
165,6903,Mesangial cells,0.991,2,0.45,3,"CNTNAP2, IL1RAPL1"
182,6858,Hepatoblasts,1.0,18,0.45,18,"AFP, AHSG, ALB, AMBP, APOA1, APOA2, APOB, APOC3, APOE, CPS1, FGA, FGB, GPC3, IGF2, MT1G, SERPINA1, TF, VTN"
166,6777,Metanephric cells,0.997,3,0.12,2,"EYA1, NKAIN3, UNC5C"
15,6766,Adrenocortical cells,0.997,0,0.33,4,
167,6502,Ureteric bud cells,0.961,12,0.21,2,"CCSER1, COBLL1, GATA3, KCTD8, MECOM, MYO6, NAALADL2, NCALD, PKHD1, SDK1, SLIT2, TBC1D9"
168,6481,Metanephric cells,0.999,1,0.26,2,WT1
246,6419,Acinar cells,1.0,17,0.13,2,"CEL, CELA3A, CLPS, CPA1, CPA2, CTRB1, CTRB2, CTRC, DLK1, GP2, MT1G, PRSS1, REG1A, SERPINI2, SPINK1, SSR4, SYCN"
128,6372,Intestinal epithelial cells,0.999,8,0.34,7,"APOA1, APOA4, APOB, MUC13, PCSK5, RBP2, SERPINA1, SIPA1L3"
183,6263,Erythroblasts,0.998,5,0.11,2,"ANK1, EPB41, RGS6, SLC25A37, TSPAN5"
184,6243,Hepatoblasts,1.0,3,0.26,3,"CPS1, GPC3, GPC5"
111,5950,Cardiomyocytes,0.998,2,0.26,3,"FGF12, SLC8A1"
16,5922,Adrenocortical cells,0.997,3,0.37,4,"CYP17A1, DHCR24, STAR"
169,5870,Vascular endothelial cells,0.996,6,0.22,2,"CHRM3, FLT1, HSPG2, LDB2, PPAP2B, PTPRM"
112,5682,Cardiomyocytes,0.993,0,0.08,3,
247,5565,Stromal cells,0.976,12,0.24,3,"COL1A1, COL1A2, COL3A1, COL5A1, COL5A2, COL6A2, DCN, GPC3, IGF2, POSTN, SPARC, TSHZ2"
228,5516,Skeletal muscle cells,0.995,17,0.03,1,"ACTA1, ACTC1, CKM, KLHL41, MYH3, MYH8, MYL1, MYLPF, NEB, PEG10, RPL37A, TNNC2, TNNI2, TNNT3, TPM1, TPM2, TTN"
17,5372,Myeloid cells,0.431,5,0.2,5,"AFF3, C1QC, CD74, SLC9A9, SRGN"
215,5334,Lymphatic endothelial cells,0.998,11,0.17,4,"CCL21, CD36, IGFBP7, LYVE1, MAGI1, MMRN1, PPFIBP1, PROX1, RELN, STAB2, TFPI"
129,5306,Stromal cells,0.997,4,0.32,5,"COL1A1, COL1A2, COL3A1, LSAMP"
277,5238,Stromal cells,0.994,6,0.36,3,"CDH11, CNTN5, COL3A1, GPC3, PHACTR2, SLIT2"
43,4984,Granule neurons,0.792,6,0.34,3,"FSTL4, GRIK2, KLHL29, NELL2, PAM, RELN"
80,4973,Photoreceptor cells,0.998,8,0.29,3,"ANKRD33B, ANO2, EYS, GPC6, MARCH1, MPPED2, SLC35F3, TMEM108"
113,4815,Vascular endothelial cells,0.993,8,0.13,1,"ARL15, COL4A1, COL4A2, EMCN, HSPG2, LDB2, PTPRM, TCF4"
81,4647,Retinal progenitors and Muller glia,0.991,3,0.09,1,"CLVS1, LGR4, LPHN2"
114,4570,Cardiomyocytes,0.997,0,0.08,3,
185,4556,Vascular endothelial cells,0.998,4,0.25,3,"FLT1, LDB2, PPAP2B, STAB2"
170,4540,Metanephric cells,1.0,7,0.47,4,"CNTN5, DCC, EYA1, GRIK2, NKAIN3, NRG1, UNC5C"
216,4521,Myeloid cells,0.513,5,0.2,7,"CD74, HDAC9, HLA-DRB1, SAMHD1, SRGN"
248,4452,Ductal cells,0.996,14,0.18,2,"ANXA4, ATP1A1, ATP1B1, CDK14, CFTR, DCDC2, FXYD2, GMNN, PDE3A, SFRP5, SHANK2, SLC4A4, TTYH1, WNK2"
77,4451,Microglia,0.994,13,0.14,2,"APBB1IP, BMP2K, C10orf11, C3, DOCK4, DOCK8, IPCEF1, ITPR2, MEF2A, PLXDC2, SFMBT2, SLC9A9, SPP1"
44,4417,Microglia,0.997,12,0.16,2,"APBB1IP, BMP2K, C10orf11, C3, DOCK4, DOCK8, IPCEF1, ITPR2, PLXDC2, SFMBT2, SLC9A9, SPP1"
45,4329,Inhibitory interneurons,0.945,1,0.38,5,NKAIN2
78,4302,Excitatory neurons,0.648,2,0.21,3,"AKT3, MLLT3"
115,4281,Cardiomyocytes,0.994,0,0.13,5,
18,4270,Adrenocortical cells,0.996,2,0.12,2,"FRMD5, SH3BP5"
130,4142,Intestinal epithelial cells,1.0,2,0.21,4,"C10orf112, CPS1"
249,4141,Lymphoid cells,0.997,5,0.12,3,"PTPRC, RPL28, RPLP1, RPLP2, RPS3"
296,4125,STC2_TLX1 positive cells,0.961,6,0.33,6,"BGN, COL1A1, COL1A2, COL3A1, EMILIN1, MARCKS"
19,4043,Adrenocortical cells,0.994,0,0.57,17,
171,4034,Myeloid cells,0.838,10,0.28,6,"CD74, CST3, DAB2, FTL, HDAC9, HLA-DRB1, LGMN, SAMHD1, SLC9A9, SRGN"
82,3984,Ganglion cells,0.999,4,0.46,3,"EPHA6, NTNG1, RBPMS, TUBA1A"
217,3959,Bronchiolar and alveolar epithelial cells,0.997,10,0.2,2,"ATP11A, CPM, FGFR2, FOXP2, NHSL1, RNF220, ROS1, SEL1L3, SFTA3, SFTPC"
186,3813,Erythroblasts,0.994,10,0.03,1,"ANK1, EPB41, HBA1, HBA2, HBG1, HBG2, HECTD4, RGS6, SLC25A37, TSPAN5"
46,3809,Astrocytes,0.993,5,0.29,3,"CTNNA3, GPM6B, PTN, SLC1A3, TNC"
229,3804,Skeletal muscle cells,0.999,10,0.11,1,"ACTA1, ACTC1, LDB3, MYBPC1, MYH3, MYL1, MYLPF, NEB, TNNT3, TTN"
20,3709,Sympathoblasts,0.992,9,0.49,4,"AGBL4, CCSER1, CHGA, CHGB, FAM155A, FGF14, MGAT4C, ROBO1, SLC24A2"
83,3631,Photoreceptor cells,1.0,7,0.28,2,"EGFLAM, EYS, GPC5, GPC6, MARCH1, MSR1, TMEM108"
84,3544,Ganglion cells,0.994,5,0.55,7,"EPHA6, LRP1B, MAP1B, RBPMS, TUBA1A"
131,3528,Stromal cells,0.999,4,0.34,3,"COL1A2, COL6A2, IGF2, TSHZ2"
250,3504,Vascular endothelial cells,0.997,7,0.08,2,"COL4A1, COL4A2, FLT1, HSPG2, IGFBP7, LDB2, TCF4"
116,3420,Cardiomyocytes,0.997,2,0.29,2,"FHOD3, SLC8A1"
230,3388,Stromal cells,0.999,7,0.26,4,"COL1A1, COL1A2, COL3A1, COL5A2, DCN, POSTN, TSHZ2"
132,3386,Intestinal epithelial cells,1.0,12,0.32,6,"APOA1, APOB, ARID3A, FHIT, LGALS3, MUC13, PCSK5, RBP2, SERPINA1, SI, SIPA1L3, THRB"
278,3372,Syncytiotrophoblasts and villous cytotrophoblasts,0.993,1,0.13,1,MBNL3
133,3293,Stromal cells,0.993,9,0.36,3,"COL1A1, COL1A2, COL3A1, COL5A1, COL5A2, DCN, LSAMP, SPARC, TSHZ2"
47,3197,Purkinje neurons,0.995,12,0.45,13,"AUTS2, DAB1, DGKH, DMD, EBF1, FOXP2, GRIK1, ITPR1, LPHN2, PRKG1, RALYL, RORA"
231,3111,Stromal cells,0.999,9,0.17,3,"COL1A1, COL1A2, COL3A1, COL5A1, COL5A2, COL6A2, DCN, POSTN, SPARC"
134,2991,Myeloid cells,0.943,8,0.17,4,"AFF3, C1QC, CD74, CST3, HLA-DRB1, SAMHD1, SLC8A1, SRGN"
85,2903,Photoreceptor cells,0.974,2,0.29,2,"MPPED2, NOL4"
279,2853,Stromal cells,0.996,8,0.25,3,"CDH11, COL1A1, COL1A2, COL3A1, COL6A2, DCN, IGF2, PHACTR2"
21,2805,Adrenocortical cells,0.989,9,0.24,3,"CYP11A1, CYP17A1, CYP21A2, DHCR24, LDLR, MSMO1, PAPSS2, SCARB1, STAR"
251,2727,Acinar cells,0.985,12,0.11,1,"CEL, CLPS, CPA1, CPA2, CTRB1, CTRB2, DLK1, GP2, RRBP1, SERPINI2, SPINK1, SYCN"
232,2690,Satellite cells,0.915,10,0.28,2,"CADM2, CDK6, CLCN5, DLG2, GRIA4, NTN4, PAX7, PCDH7, SPATS2L, THSD4"
117,2677,Lymphoid cells,0.49,2,0.17,6,"ARHGAP15, PTPRC"
172,2670,Ureteric bud cells,0.996,8,0.2,4,"ACER2, CCSER1, GATA3, KRT19, MECOM, PSCA, S100A6, SPINK1"
218,2566,Ciliated epithelial cells,0.995,15,0.04,1,"AGBL4, C12orf55, C4orf22, CAPS, CDHR3, DNAH12, DNAH5, DNAH9, LRRIQ1, NEK10, PTPRT, SPAG17, STK33, TMEM232, TPPP3"
86,2537,Amacrine cells,1.0,6,0.36,3,"DCC, GRM8, LPHN3, MEIS2, SNTG1, ZFHX4"
187,2467,Hematopoietic stem cells,0.398,3,0.32,3,"NRIP1, RNF220, TAOK3"
219,2310,Bronchiolar and alveolar epithelial cells,0.996,6,0.13,2,"ATP11A, CPM, FGFR2, FOXP2, ROS1, SFTA3"
87,2301,Horizontal cells,0.993,9,0.41,3,"CACNG3, CNTN4, MEGF11, NKAIN2, ONECUT1, PROX1, RYR3, TANC1, TNR"
311,2268,Parietal and chief cells,0.994,18,0.11,2,"AHCYL2, ARHGEF28, ATP1B1, ATP4A, ATP4B, B4GALNT3, CKB, CLIC6, ESRRG, FGD4, GIF, GPR155, GREM2, IGFBP2, IGFBP5, PSCA, RAP1GAP2, SIK2"
252,2249,Smooth muscle cells,0.982,4,0.28,4,"CALD1, DLC1, IGFBP7, PRKG1"
253,2218,Islet endocrine cells,0.999,11,0.32,3,"CADPS, CHGA, CPE, ERO1LB, GNAS, INS, MAFB, MEIS2, PCSK1N, PLAGL1, TTR"
188,2183,Myeloid cells,0.996,6,0.12,3,"C1QC, CTSB, FRMD4B, LGMN, SLC8A1, SLC9A9"
332,2149,Thymocytes,0.993,1,0.11,3,BACH2
135,2140,ENS glia,0.969,14,0.37,6,"BAI3, DST, ERBB4, FRMD5, GAS7, GFRA1, MDGA2, NKAIN3, NRXN1, PTPRZ1, SHISA9, SLC35F1, VIM, ZNF536"
233,2077,Vascular endothelial cells,0.993,8,0.09,2,"COL4A1, COL4A2, EMCN, HSPG2, IGFBP7, MAGI1, PTPRM, TCF4"
173,2068,Metanephric cells,0.979,0,0.36,7,
88,1992,Ganglion cells,0.999,3,0.41,4,"CLSTN2, RBPMS, TRHDE"
136,1984,Lymphoid cells,0.995,3,0.11,3,"ARHGAP15, PRKCH, PTPRC"
118,1973,Smooth muscle cells,0.993,2,0.3,5,"IGFBP7, PRKG1"
89,1922,Amacrine cells,0.996,5,0.43,3,"ASIC2, MEIS2, PDE3A, PTPRK, RCN1"
297,1895,Vascular endothelial cells,0.966,3,0.17,4,"LDB2, MAGI1, PTPRM"
119,1874,Epicardial fat cells,0.998,10,0.25,4,"BNC2, C3, CCDC80, CFH, IGFBP5, ITLN1, MSLN, PRG4, SLIT3, SULF1"
298,1870,Stromal cells,0.978,3,0.43,4,"LSAMP, SLIT2, TSHZ2"
234,1867,Satellite cells,0.991,5,0.07,1,"CCND2, CDK6, CLCN5, PCDH7, SPATS2L"
280,1844,Syncytiotrophoblasts and villous cytotrophoblasts,0.998,9,0.16,2,"ADAMTS19, ARL15, FBN2, KANK1, KIAA1217, MSI2, MYO1D, SEMA6D, TENM3"
189,1742,Stellate cells,0.992,15,0.32,4,"ANK3, BAI3, CCBE1, COL25A1, DACH1, GPC6, HGF, IGFBP3, KIF26B, LIFR, NR1H4, PCDH9, RBMS3, ROBO2, SEMA5A"
333,1737,Thymocytes,0.997,9,0.08,1,"APBB1IP, ARPP21, CALN1, CCND3, LEF1, PLCL1, SATB1, TCF12, TFDP2"
220,1684,Neuroendocrine cells,0.811,9,0.37,3,"CACNA1A, CNKSR3, CPE, GRP, NRG1, PTPRN2, RALYL, RIMS2, SEC11C"
235,1632,Skeletal muscle cells,0.984,11,0.07,1,"ACTA1, ACTC1, CKM, MYH3, MYH8, MYL1, MYLPF, NEB, TNNC2, TPM2, TTN"
190,1612,Hepatoblasts,0.997,14,0.37,12,"AFP, AHSG, ALB, APOA1, APOA2, APOB, APOC3, CPS1, GPC3, GPC5, IGF2, MT1G, SERPINA1, TF"
90,1559,Amacrine cells,0.996,7,0.42,3,"ADARB2, ASIC2, DCC, FRMD5, LPHN3, MEIS2, PTPRK"
254,1508,Lymphoid cells,0.991,3,0.17,4,"AFF3, BACH2, EBF1"
334,1489,Thymocytes,0.997,2,0.04,1,"TCF12, TFDP2"
312,1484,Squamous epithelial cells,0.994,6,0.25,7,"ANXA1, IGF2, KRT13, KRT19, RAB11FIP1, S100A11"
313,1480,Goblet cells,0.98,9,0.16,3,"AGR2, FUT8, FUT9, GMDS, GPRC5A, LGR5, LIPF, LYZ, MUC6"
48,1469,Granule neurons,0.998,5,0.45,3,"GRIK2, KLHL29, NELL2, RELN, UNC13C"
191,1455,Megakaryocytes,0.999,10,0.08,1,"ARHGAP6, DNM3, ITGA2B, ITGB3, LIMS1, LTBP1, PF4, PLXDC2, RAP1B, VCL"
120,1447,Cardiomyocytes,0.991,5,0.29,2,"FGF12, FHOD3, LARGE, RBM20, SLC8A1"
137,1442,Vascular endothelial cells,0.995,8,0.24,3,"COL4A1, COL4A2, FLT1, HSPG2, IGFBP7, LDB2, PTPRM, TCF4"
281,1433,Vascular endothelial cells,0.99,7,0.16,2,"COL4A1, COL4A2, EXOC6, LDB2, MAGI1, PDE4D, TCF4"
192,1429,Hepatoblasts,0.999,6,0.29,4,"ALB, APOB, CPS1, GPC3, GPC5, IGF2"
282,1403,Extravillous trophoblasts,0.94,14,0.28,3,"CDKN1C, FLT1, FN1, FSTL3, HPGD, HSPG2, ISM2, ITM2B, NOTUM, PRG2, PTPRF, QSOX1, SERPINE1, SERPINE2"
121,1384,Cardiomyocytes,0.991,2,0.18,4,"FGF12, SLC8A1"
314,1380,Goblet cells,0.949,8,0.13,2,"AGR2, ANXA10, FUT8, GMDS, GPRC5A, LYZ, MUC5AC, S100P"
193,1354,Hepatoblasts,0.999,14,0.37,12,"AFP, AHSG, ALB, APOA1, APOA2, APOB, APOC3, CPS1, GPC3, GPC5, IGF2, MT1G, SERPINA1, TF"
221,1292,Bronchiolar and alveolar epithelial cells,0.996,12,0.17,2,"ATP11A, CPM, FGFR2, FOXP2, NPC2, RNF220, ROS1, SFTA3, SFTPB, SFTPC, SMARCA5, WIF1"
255,1275,Vascular endothelial cells,1.0,6,0.11,2,"ARL15, COL4A1, FLT1, HSPG2, PTPRM, TCF4"
122,1220,Lymphatic endothelial cells,0.995,14,0.13,3,"CCL21, FLRT2, LYVE1, MAGI1, MMRN1, NRG3, PPFIBP1, PROX1, PTPRE, RALGAPA2, RELN, STAB2, TFPI, ZNF521"
335,1215,Thymocytes,0.999,4,0.07,1,"ARPP21, CALN1, TCF12, TFDP2"
91,1213,Amacrine cells,0.998,7,0.34,3,"ADARB2, ASIC2, DCC, FRMD5, GRM8, MEIS2, SNTG1"
299,1204,Lymphoid cells,0.973,6,0.28,3,"AFF3, ARHGAP15, EBF1, PTPRC, RALGPS2, ZCCHC7"
222,1198,Mesothelial cells,0.85,6,0.29,8,"BNC2, C3, ELN, FOS, PLCB1, SPARC"
256,1194,Myeloid cells,0.993,8,0.18,6,"AFF3, CD74, CST3, FTL, HLA-DRB1, PSAP, SAMHD1, SRGN"
138,1180,Intestinal epithelial cells,0.996,0,0.21,2,
92,1167,Bipolar cells,0.994,11,0.32,3,"CA10, CDH20, CSMD3, FSTL5, GRIK1, MACROD2, NFIB, NRG1, ZNF385B, ZNF804B, ZPBP"
300,1159,Vascular endothelial cells,0.986,5,0.17,2,"ARL15, CHRM3, FLT1, MAGI1, TCF4"
139,1124,Smooth muscle cells,0.975,6,0.29,3,"ACTG2, CALD1, MYH11, MYLK, SORBS1, TAGLN"
257,1086,Islet endocrine cells,1.0,12,0.42,7,"CACNA1A, CACNB2, CADPS, CHGA, CPE, GCG, GNAS, KCNMB2, PCSK1N, PLD3, PTPRN2, TTR"
93,1084,Retinal progenitors and Muller glia,0.994,1,0.22,2,COL11A1
123,1074,Cardiomyocytes,0.998,5,0.25,2,"FGF12, FHOD3, LARGE, RBM20, SLC8A1"
258,1072,ENS glia,0.958,11,0.34,8,"BAI3, DST, GAS7, GFRA1, NKAIN3, NRXN1, PLP1, PTPRZ1, SLC35F1, VIM, ZNF536"
140,1050,ENS neurons,0.998,11,0.41,3,"ANK2, CNTNAP2, CTNNA2, DLG2, DPP6, DPYSL3, IQCJ-SCHIP1, KCNQ5, MAP1B, NCAM1, NCAM2"
141,1040,ENS neurons,0.996,12,0.39,4,"ANK2, CNTNAP2, CTNNA2, DLG2, DPP6, DPYSL3, FGF13, KCNIP4, KCNQ5, MAP1B, SYT1, ZNF804A"
283,1029,Trophoblast giant cells,0.943,16,0.2,14,"ADAM12, AFF1, CGA, CSH1, CSH2, CYP19A1, FBLN1, KISS1, PAPPA, PSG1, PSG2, PSG4, PSG5, PSG9, SDC1, TFPI2"
194,1017,Hepatoblasts,1.0,3,0.29,3,"CPS1, GPC3, GPC5"
174,1008,Stromal cells,0.946,10,0.29,4,"COL1A1, COL1A2, COL3A1, COL5A1, COL5A2, COL6A2, DCN, IGF2, POSTN, SPARC"
259,975,Islet endocrine cells,1.0,10,0.37,5,"CADPS, CHGA, CPE, ERO1LB, GNAS, KCNMB2, PCSK1N, PLD3, PTPRN2, SST"
260,965,Erythroblasts,0.997,10,0.0,0,"AHSP, ANK1, HBA1, HBA2, HBB, HBG1, HBG2, HBM, HBZ, SLC25A37"
175,961,Metanephric cells,0.785,3,0.17,10,"EYA1, NKAIN3, PCDH15"
22,943,Schwann cells,0.983,12,0.34,7,"DST, LRRTM4, MARCKS, MPZ, NRXN1, NRXN3, OLFML2A, PCDH9, PLP1, SLC35F1, VIM, XKR4"
142,938,Intestinal epithelial cells,0.999,3,0.2,3,"ARID3A, LGALS3, PDE3A"
301,919,Myeloid cells,0.995,5,0.09,3,"DAB2, FRMD4B, LGMN, SLC8A1, SLC9A9"
195,879,Hepatoblasts,1.0,16,0.41,16,"AFP, AHSG, ALB, AMBP, APOA1, APOA2, APOB, APOC3, APOE, CPS1, FGB, GPC3, IGF2, MT1G, SERPINA1, TF"
94,872,Stromal cells,0.994,10,0.28,3,"COL1A1, COL1A2, COL3A1, COL5A1, COL5A2, COL6A2, DCN, IGF2, POSTN, SPARC"
223,870,Stromal cells,0.999,5,0.5,3,"FAM155A, LSAMP, PIEZO2, RORA, SLIT2"
284,868,Smooth muscle cells,0.997,7,0.2,2,"CALD1, DLK1, EBF1, GUCY1A2, PLCB1, PLCL1, PRKG1"
224,854,Stromal cells,1.0,7,0.53,4,"DCN, FAM155A, GPC3, LSAMP, PIEZO2, RORA, SLIT2"
236,816,Satellite cells,0.998,7,0.13,3,"CADM2, CDK6, CDKN1C, DLG2, FAM178A, MEGF10, PLXNA2"
315,801,Stromal cells,0.99,12,0.37,4,"COL1A1, COL1A2, COL3A1, COL5A1, COL5A2, COL6A2, DCN, IGF2, LSAMP, POSTN, SPARC, TSHZ2"
95,792,PDE11A_FAM19A2 positive cells,1.0,9,0.45,3,"ANKRD28, CNTN5, LRRTM4, MEGF10, PDE11A, PPFIA2, RBFOX1, RELN, SLIT2"
285,783,Syncytiotrophoblasts and villous cytotrophoblasts,0.997,0,0.18,6,
316,752,MUC13_DMBT1 positive cells,0.953,10,0.32,11,"APOA1, ARID3A, DMBT1, HNF4A, HNF4G, MT1G, MUC13, RHPN2, SLC15A1, THRB"
143,739,Intestinal epithelial cells,0.988,8,0.33,6,"ANXA4, APOA1, APOA4, APOB, C10orf112, PCSK5, RBP2, THRB"
144,717,Stromal cells,0.994,9,0.43,3,"COL1A1, COL1A2, COL3A1, DCN, IGF2, LSAMP, POSTN, SPARC, TSHZ2"
96,706,Retinal pigment cells,0.99,9,0.12,2,"ADAMTSL3, BEST1, COL8A1, GULP1, ITGAV, PARD3B, PLD5, SLC38A11, TRPM3"
261,696,Stromal cells,0.997,8,0.36,3,"COL1A1, COL1A2, COL3A1, COL5A2, DCN, RORA, SLIT2, TSHZ2"
286,686,IGFBP1_DKK1 positive cells,0.991,14,0.17,1,"ABI3BP, APOD, CD248, DCN, DKK1, GAS1, HSPB6, IGFBP1, IGFBP2, IGFBP4, LUM, SCARA5, SYN3, TIMP3"
196,668,Hepatoblasts,0.997,0,0.34,4,
287,646,Syncytiotrophoblasts and villous cytotrophoblasts,1.0,11,0.18,3,"ADAMTS19, ARL15, FBN2, KANK1, KIAA1217, MBNL3, MSI2, NAALADL2, PDE4B, SEMA6D, TENM3"
317,646,Goblet cells,0.983,8,0.09,2,"AGR2, CXCL3, ERO1L, FUT8, GMDS, GPRC5A, MUC5AC, MUC6"
124,636,Visceral neurons,0.531,8,0.58,9,"DLGAP1, GAP43, LSAMP, MAP1B, NCAM1, RBFOX1, STMN2, SYT1"
237,635,Stromal cells,0.995,9,0.09,3,"COL1A1, COL1A2, COL3A1, COL5A1, COL5A2, COL6A2, DCN, POSTN, TSHZ2"
145,632,Chromaffin cells,0.932,8,0.36,6,"CACNA1A, CACNA2D1, CADM2, CADPS, CHGA, KCNB2, PAM, PCSK1N"
336,624,Thymocytes,0.965,0,0.16,4,
262,611,Acinar cells,0.995,15,0.14,2,"CEL, CELA3A, CLPS, CPA1, CPA2, CTRB1, CTRB2, CTRC, DLK1, GP2, MT1G, PRSS1, REG1A, SPINK1, SYCN"
225,601,Stromal cells,1.0,5,0.51,3,"FAM155A, LSAMP, PIEZO2, RORA, SLIT2"
263,592,Lymphoid cells,0.753,2,0.08,4,"PRKCH, PTPRC"
238,564,Smooth muscle cells,0.993,7,0.24,3,"CALD1, DLC1, EBF1, GUCY1A2, IGFBP7, PLCL1, PRKG1"
146,556,Stromal cells,1.0,3,0.17,4,"COL1A1, COL1A2, COL3A1"
318,549,Lymphoid cells,0.778,3,0.17,5,"ARHGAP15, BACH2, PTPRC"
264,544,Acinar cells,0.616,5,0.13,1,"CLPS, CPA1, CTRB2, DLK1, SPINK1"
125,517,Schwann cells,0.992,12,0.41,9,"BAI3, DST, GPM6B, LRRTM4, MARCKS, MPZ, NRXN1, OLFML2A, PLP1, SLC35F1, TENM3, XKR4"
97,512,Ganglion cells,0.996,2,0.38,3,"EPHA6, RBPMS"
197,483,Erythroblasts,0.998,4,0.11,2,"ANK1, EPB41, RGS6, SLC25A37"
319,476,Stromal cells,0.998,7,0.43,3,"COL1A1, COL1A2, COL3A1, COL5A1, COL6A2, IGF2, POSTN"
337,465,Thymocytes,0.996,1,0.09,1,TFDP2
198,452,Hepatoblasts,1.0,8,0.38,6,"AFP, ALB, APOB, CPS1, GPC3, GPC5, IGF2, SERPINA1"
302,441,Lymphoid cells,0.971,3,0.14,8,"ARHGAP15, PRKCH, PTPRC"
98,438,Retinal progenitors and Muller glia,1.0,2,0.34,3,"GABRG3, LGR4"
99,430,Photoreceptor cells,0.998,3,0.11,2,"IMPG2, NEUROD1, PRDM1"
265,415,Islet endocrine cells,0.998,4,0.3,5,"CACNB2, CADPS, CHGA, CPE"
320,407,Squamous epithelial cells,0.975,2,0.3,3,"IGF2, KRT19"
288,400,Lymphoid cells,0.983,4,0.18,6,"ARHGAP15, GNLY, PRKCH, PTPRC"
176,398,Metanephric cells,0.706,6,0.33,3,"CNTN5, EYA1, FAT3, NKAIN3, PCDH15, UNC5C"
147,396,Intestinal epithelial cells,0.985,10,0.22,4,"APOA1, ARID3A, C10orf112, CPS1, FHIT, LGALS3, MYH14, PCSK5, SI, THRB"
321,379,Vascular endothelial cells,0.794,8,0.21,4,"COL4A1, COL4A2, FLT1, HSPG2, IGFBP7, LDB2, PTPRM, TCF4"
239,375,Myeloid cells,0.749,10,0.2,5,"AFF3, CD74, CST3, DAB2, F13A1, HDAC9, RBPJ, SAMHD1, SLC9A9, SRGN"
303,371,Erythroblasts,0.976,4,0.04,1,"AHSP, ANK1, EPB41, SLC25A37"
266,359,Acinar cells,1.0,16,0.13,2,"CEL, CELA3A, CLPS, CPA1, CPA2, CTRB1, CTRB2, CTRC, DLK1, GP2, MT1G, PRSS1, REG1A, REG3G, SPINK1, SYCN"
289,356,Syncytiotrophoblasts and villous cytotrophoblasts,1.0,9,0.21,3,"ARL15, FBN2, KANK1, KIAA1217, MSI2, NAALADL2, SEMA6D, TBL1X, TENM3"
290,339,Myeloid cells,0.959,12,0.22,4,"C1QC, CD74, CTSB, CTSD, F13A1, FTL, HLA-DRB1, LGMN, PSAP, SLC8A1, SLC9A9, SPP1"
338,324,Antigen presenting cells,0.917,14,0.21,6,"B2M, CAMK2D, CD74, CST3, FCHSD2, FMNL2, HDAC9, HLA-A, HLA-B, HLA-DPA1, HLA-DPB1, HLA-DRA, HLA-DRB1, WDFY4"
100,318,Vascular endothelial cells,0.642,6,0.14,2,"ARL15, CHRM3, EMCN, FLT1, FOXP1, LDB2"
148,307,Stromal cells,1.0,2,0.25,5,"IGF2, TSHZ2"
322,294,Neuroendocrine cells,0.983,9,0.36,8,"CACNA1A, CACNB2, CHGA, CNKSR3, CPE, KCNB2, PTPRN2, RIMS2, SLC38A11"
240,293,Skeletal muscle cells,0.993,9,0.12,1,"ACTC1, MYBPC1, MYH3, MYL1, MYLPF, NEB, TNNC2, TPM2, TTN"
323,290,Ciliated epithelial cells,1.0,14,0.07,2,"AGBL4, C12orf55, C4orf22, CAPS, CDHR3, DNAH11, DNAH12, DNAH3, DNAH9, LRRIQ1, NEK10, STK33, TMEM232, ULK4"
101,289,Photoreceptor cells,0.502,2,0.24,3,"EYS, MPPED2"
267,287,Smooth muscle cells,0.962,0,0.22,5,
226,285,Megakaryocytes,0.996,13,0.0,0,"DNM3, ITGA2B, ITGB3, LIMS1, LTBP1, PF4, PPBP, RAP1B, SLC2A3, THBS1, TLN1, TUBB1, VCL"
149,279,Lymphatic endothelial cells,0.993,12,0.16,2,"CD36, EFNA5, FBXL7, FLRT2, MAGI1, NRG3, NXN, PPFIBP1, PROX1, RALGAPA2, RELN, ZNF521"
199,279,Erythroblasts,0.993,4,0.12,2,"ANK1, EPB41, RGS6, SLC25A37"
291,269,PAEP_MECOM positive cells,0.996,14,0.2,2,"C1orf186, CATSPERB, CP, DLGAP1, FAM155A, GLIS3, GPX3, PAEP, PAX8, PTPRR, RIMKLB, SLC7A2, SYNE2, UBE2D2"
268,260,Acinar cells,0.996,15,0.13,2,"CEL, CELA3A, CLPS, CPA1, CPA2, CTRB1, CTRB2, CTRC, DLK1, GP2, MT1G, SERPINI2, SPINK1, SSR4, SYCN"
49,258,Purkinje neurons,0.981,12,0.51,11,"AUTS2, BAI3, CA8, DAB1, DGKH, DMD, EBF1, FOXP2, HS6ST3, PRKG1, RALYL, RORA"
150,257,Intestinal epithelial cells,1.0,10,0.22,3,"APOA1, C10orf112, CPS1, FHIT, LGALS3, MYH14, PCSK5, SI, SIPA1L3, THRB"
227,257,Squamous epithelial cells,0.946,15,0.16,7,"ANXA1, HOPX, IGF2, KRT13, KRT19, KRT78, LGALS3, PABPC1, PPDPF, RAB11FIP1, S100A11, S100A9, SPRR3, TACSTD2, TXNIP"
292,257,Syncytiotrophoblasts and villous cytotrophoblasts,0.77,10,0.2,2,"ADAMTS19, ARL15, FBN2, KANK1, KIAA1217, MBNL3, MSI2, NAALADL2, PDE4B, TENM3"
339,254,Thymic epithelial cells,1.0,18,0.33,3,"APBB2, COL27A1, DPP6, FAM163A, FRMD4A, GPC6, GPHN, KIAA1217, LRRC4C, PRKG1, PRSS16, PTPRT, RBMS3, ROBO2, SDK1, SLIT3, SNX29, TBATA"
304,250,Mesothelial cells,0.992,6,0.2,4,"C3, FOS, MAF, SEMA3D, SPARC, ZFP36"
241,244,Skeletal muscle cells,0.91,16,0.03,1,"ACTA1, ACTC1, CKM, LDB3, MYBPC1, MYH3, MYH8, MYL1, MYLPF, NEB, TNNC2, TNNI2, TNNT3, TPM1, TPM2, TTN"
269,244,ENS neurons,1.0,14,0.5,8,"ANK2, CNTNAP2, DPYSL3, GAP43, KCNIP4, KCNQ5, MAP1B, NCAM1, NCAM2, SOX4, STMN2, SYT1, TUBA1A, UNC5C"
305,244,Myeloid cells,0.98,7,0.22,9,"CD74, CST3, HDAC9, HLA-DRB1, SAMHD1, SLC8A1, SRGN"
200,242,Mesothelial cells,0.971,7,0.32,4,"BNC2, CTNNA3, LSAMP, PLCB1, PTPRD, RYR2, SPARC"
102,233,Skeletal muscle cells,0.536,6,0.26,5,"ACTC1, MYH3, NEB, RPL37A, TPM2, TTN"
242,233,Schwann cells,0.996,13,0.39,7,"BAI3, DST, GPM6B, ITIH5, LRRTM4, LSAMP, MARCKS, MPZ, NRXN1, PLP1, SLC35F1, TENM3, XKR4"
103,228,Lens fibre cells,1.0,11,0.24,2,"CRYAA, CRYAB, CRYBA1, CRYBA4, CRYBB1, CRYBB2, FHIT, KIAA1217, LSAMP, NHS, NRCAM"
243,219,Skeletal muscle cells,1.0,17,0.03,1,"ACTA1, ACTC1, CKM, KLHL41, MYBPC1, MYH3, MYH8, MYL1, MYLPF, NEB, RPL37A, TNNC2, TNNI2, TNNT3, TPM1, TPM2, TTN"
151,204,Mesothelial cells,0.971,9,0.45,5,"BNC2, CTNNA3, PLCB1, PTPRD, RBFOX1, ROBO2, SEMA3D, SLIT3, SPARC"
270,195,CCL19_CCL21 positive cells,0.99,10,0.3,5,"APOE, C1R, C1S, C3, CCL19, CCL21, CTSH, CXCL12, PTGDS, SEMA5A"
271,193,Acinar cells,0.549,10,0.2,4,"CEL, CLPS, CPA1, CPA2, CTRB1, CTRB2, DLK1, GP2, SPINK1, SYCN"
201,189,Erythroblasts,0.995,3,0.03,1,"ANK1, EPB41, SLC25A37"
272,176,Lymphoid cells,1.0,2,0.12,3,"PTPRC, RPLP1"
104,176,Astrocytes,1.0,8,0.26,2,"CST3, DCLK1, NFIA, NPAS3, PTN, RORA, SPARCL1, TNC"
202,157,Erythroblasts,0.987,5,0.08,1,"ANK1, EPB41, RGS6, SLC25A37, TSPAN5"
273,152,Myeloid cells,0.987,3,0.14,3,"AFF3, CD74, SAMHD1"
324,141,Goblet cells,0.965,3,0.08,2,"AGR2, LYZ, MUC6"
244,139,Skeletal muscle cells,1.0,16,0.03,1,"ACTA1, ACTC1, CKM, MYH3, MYH8, MYL1, MYLPF, NEB, PEG10, RPL37A, TNNC2, TNNI2, TNNT3, TPM1, TPM2, TTN"
105,138,Ganglion cells,0.804,8,0.3,7,"EPHA6, GAP43, INA, MAP1B, NTNG1, RBPMS, TUBA1A, TUBB2B"
274,131,Lymphatic endothelial cells,1.0,10,0.16,4,"FBXL7, FLRT2, MAGI1, MMRN1, NRG3, PROX1, PTPRE, RALGAPA2, STAB2, TFPI"
126,131,Cardiomyocytes,1.0,1,0.11,4,SLC8A1
177,131,Metanephric cells,0.992,0,0.53,6,
293,126,Stromal cells,1.0,6,0.33,3,"CDH11, CNTN5, COL3A1, GPC3, PHACTR2, SLIT2"
306,123,Stromal cells,0.577,2,0.24,3,"SLIT2, TSHZ2"
325,121,Mesothelial cells,1.0,10,0.45,5,"BNC2, CLIC4, FOS, LSAMP, NFATC2, PLCB1, RBFOX1, SLIT3, SPARC, ZFP36"
275,115,Mesothelial cells,1.0,8,0.36,5,"BNC2, C3, CLIC4, FOS, FOSB, NFATC2, RBFOX1, ZFP36"
340,113,Antigen presenting cells,1.0,6,0.07,2,"FCHSD2, FMNL2, KDM2B, RABGAP1L, VOPP1, WNT5B"
307,111,STC2_TLX1 positive cells,0.946,3,0.39,10,"COL1A1, COL1A2, COL3A1"
152,107,Stromal cells,1.0,9,0.3,4,"COL1A1, COL1A2, COL3A1, COL5A1, COL5A2, COL6A2, DCN, SPARC, TSHZ2"
245,101,Lymphatic endothelial cells,1.0,9,0.2,1,"CCL21, EFNA5, LYVE1, MMRN1, PPFIBP1, PROX1, RELN, STAB2, TFPI"
341,96,Thymocytes,1.0,1,0.05,1,SATB1
342,94,Vascular endothelial cells,0.926,6,0.28,7,"COL4A2, HSPG2, LDB2, MAGI1, PTPRM, TCF4"
326,92,Squamous epithelial cells,0.587,5,0.17,5,"ANXA1, IGF2, KRT13, KRT19, RAB11FIP1"
343,92,Stromal cells,1.0,10,0.25,4,"COL1A1, COL1A2, COL3A1, COL5A1, COL5A2, COL6A2, DCN, IGF2, POSTN, SPARC"
308,91,Megakaryocytes,0.978,11,0.07,1,"ARHGAP6, DNM3, ITGA2B, ITGB3, LIMS1, LTBP1, MCTP1, PF4, PLXDC2, RAP1B, VCL"
327,90,ENS glia,0.989,10,0.45,11,"BAI3, DST, GAS7, NRXN1, PLP1, PTPRZ1, SLC35F1, VIM, XKR4, ZNF536"
153,87,Erythroblasts,1.0,12,0.03,1,"AHSP, ANK1, EPB41, HBA1, HBA2, HBB, HBG1, HBG2, HBM, RGS6, SLC25A37, TSPAN5"
154,82,Intestinal epithelial cells,1.0,9,0.14,3,"ARID3A, C10orf112, CPS1, FHIT, LGALS3, MUC13, PCSK5, SI, THRB"
309,76,STC2_TLX1 positive cells,0.829,4,0.26,5,"COL1A1, COL1A2, COL3A1, MARCKS"
329,69,ENS neurons,0.986,15,0.55,7,"ANK2, CNTNAP2, CTNNA2, DLG2, DPP6, DPYSL3, FGF13, GAP43, KCNIP4, KCNQ5, MAP1B, NCAM1, NCAM2, SYT1, UNC5C"
328,69,PDE1C_ACSM3 positive cells,0.957,10,0.25,3,"ACSM3, ADARB2, CLNK, DCLK2, DGKI, ERBB4, PDE1C, PLCB4, SNTB1, ZBTB20"
310,67,AFP_ALB positive cells,1.0,19,0.42,16,"AFP, AHSG, ALB, AMBP, APOA1, APOA2, APOB, APOC3, APOE, FGA, FGB, FGG, FTL, IGF2, MT1G, SERPINA1, TF, TTR, VTN"
203,65,Hepatoblasts,1.0,0,0.83,9,
330,62,Erythroblasts,0.952,9,0.04,1,"AHSP, ANK1, HBA1, HBA2, HBB, HBG1, HBG2, HBM, SLC25A37"
155,60,Intestinal epithelial cells,1.0,1,0.14,3,MYH14
294,58,AFP_ALB positive cells,1.0,17,0.42,16,"AFP, AHSG, ALB, AMBP, APOA1, APOA2, APOB, APOC3, APOE, FGA, FGB, FTL, IGF2, MT1G, SERPINA1, TTR, VTN"
331,45,Goblet cells,0.556,1,0.2,2,SAMD12
344,34,Thymocytes,1.0,2,0.05,2,"BACH2, LEF1"
295,28,Megakaryocytes,1.0,12,0.07,2,"ARHGAP6, DNM3, ITGA2B, ITGB3, LIMS1, LTBP1, MCTP1, PLXDC2, PRKCB, RAP1B, SLC9A9, VCL"
