run_id,dataset,tool,arm,threads,status,note,with_umap_step,qc_to_clustering_s,umap_s,benchmark_steps_s,wall_s,peak_rss_gb,block_store_gb,clusters,cells_after_qc,node,node_load_at_start,job_memory_limit_gb,job_elapsed_s,job_cpu_s,mean_cores_busy,cores_allocated,timestamp,workflow
brain1306k__polariseq-ram__rep1__20261005T083305,brain1306k,Polariseq in-memory,polariseq-ram,4,ok,,True,219.3,90.9,310.3,320.826,25.16,0.0,35.0,1292537.0,node A,42.61,100.0,351,1269.5,3.62,4,2026-10-05T08:33:05,polariseq
brain1306k__polariseq-spill__rep1__20261005T083328,brain1306k,Polariseq out-of-core,polariseq-spill,4,ok,,True,396.9,109.5,506.5,511.514,5.91,4.58,37.0,1292537.0,node E,38.52,48.0,534,1897.9,3.55,4,2026-10-05T08:33:28,polariseq
brain1306k__scanpy-tuned-int64__rep1__20261003T171918,brain1306k,Scanpy (64-bit indices),scanpy-tuned-int64,4,ok,,True,613.7,3628.5,4242.1,4361.013,95.8,0.0,28.0,1292537.0,node A,40.46,140.0,4381,9418.0,2.15,4,2026-10-03T17:19:18,the tool's own
brain1306k__scanpy-default__rep1__20261003T171426,brain1306k,Scanpy as shipped,scanpy-default,4,failed,ValueError: Output dtype not compatible with inputs.,False,15.8,0.0,15.8,58.12,22.0,0.0,,,node A,39.52,128.0,89,65.7,0.74,4,2026-10-03T17:14:26,the tool's own
brain1306k__scanpy-tuned__rep1__20261003T171426,brain1306k,Scanpy tuned (32-bit indices),scanpy-tuned,4,failed,ValueError: Output dtype not compatible with inputs.,False,34.7,0.0,34.7,228.631,22.51,0.0,,,node B,80.15,128.0,261,214.8,0.82,4,2026-10-03T17:14:26,the tool's own
brain1306k__scarf__rep1__20261003T174102,brain1306k,Scarf,scarf,4,ok,"earlier run, before the UMAP step of the Scarf arm existed",False,2768.4,0.0,2768.4,3287.997,7.31,0.0,32.0,1292537.0,node D,37.24,128.0,3316,10133.0,3.06,4,2026-10-03T17:41:02,the tool's own
brain1306k__scarf__rep1__20261004T150332,brain1306k,Scarf,scarf,4,ok,,True,2719.7,861.7,3581.4,4081.697,7.54,0.0,32.0,1292537.0,node C,32.0,128.0,4109,14855.0,3.62,4,2026-10-04T15:03:32,the tool's own
fetal4062k__polariseq-ram__rep1__20261005T083353,fetal4062k,Polariseq in-memory,polariseq-ram,4,ok,,True,455.6,379.2,834.9,842.13,24.29,0.0,42.0,4000604.0,node F,31.43,128.0,854,3054.4,3.58,4,2026-10-05T08:33:53,polariseq
fetal4062k__polariseq-ram__rep1__20261005T083529,fetal4062k,Polariseq in-memory,polariseq-ram,8,ok,,True,367.8,190.5,558.2,568.682,24.25,0.0,42.0,4000604.0,node D,31.82,170.0,585,3023.1,5.17,8,2026-10-05T08:35:29,polariseq
fetal4062k__polariseq-spill__rep1__20261005T083504,fetal4062k,Polariseq out-of-core,polariseq-spill,4,ok,,True,628.6,344.6,973.3,987.282,6.7,4.03,43.0,4000604.0,node G,24.01,128.0,1009,3510.8,3.48,4,2026-10-05T08:35:04,polariseq
fetal4062k__polariseq-spill__rep1__20261005T083602,fetal4062k,Polariseq out-of-core,polariseq-spill,8,ok,,True,507.9,192.0,699.9,712.795,6.91,4.03,43.0,4000604.0,node H,31.63,170.0,732,3516.6,4.8,8,2026-10-05T08:36:02,polariseq
fetal4062k__scanpy-tuned-int64__rep1__20261003T171901,fetal4062k,Scanpy (64-bit indices),scanpy-tuned-int64,4,ok,,True,1738.1,12960.3,14698.4,14919.915,96.03,0.0,89.0,4000604.0,node B,81.25,140.0,14950,15425.0,1.03,4,2026-10-03T17:19:01,the tool's own
fetal4062k__scanpy-tuned-int64__rep1__20261004T130538,fetal4062k,Scanpy (64-bit indices),scanpy-tuned-int64,4,ok,,True,892.5,5844.1,6736.6,6877.753,96.03,0.0,89.0,4000604.0,node D,31.11,140.0,6904,11021.0,1.6,4,2026-10-04T13:05:38,the tool's own
fetal4062k__scanpy-default__rep1__20261003T171626,fetal4062k,Scanpy as shipped,scanpy-default,4,failed,ValueError: Output dtype not compatible with inputs.,False,105.8,0.0,105.8,144.892,22.69,0.0,,,node A,39.52,128.0,166,213.9,1.29,4,2026-10-03T17:16:26,the tool's own
fetal4062k__scarf__rep1__20261004T125231,fetal4062k,Scarf,scarf,4,ok,,True,12441.2,3186.6,15627.8,16888.939,20.45,0.0,39.0,4000604.0,node A,41.4,150.0,16916,56459.0,3.34,4,2026-10-04T12:52:31,the tool's own
