sweep,pipeline,cells,done,open+qc_s,open+qc_peak_gb,normalize_s,normalize_peak_gb,hvg_s,hvg_peak_gb,pca_s,pca_peak_gb,neighbors_s,neighbors_peak_gb,leiden_s,leiden_peak_gb,leiden_seed0_vs_1,leiden_seed0_vs_2,renormalize_s,renormalize_peak_gb,res1_clusters,res1_ari,res1_nmi,res1_purity,res1_types_recovered,res0.5_clusters,res0.5_ari,res0.5_nmi,res0.5_purity,res0.5_types_recovered
cluster_brain_ooc,seurat+log,1292537,True,120.2,4.795,8.78,3.319,10.97,66.965,95.47,6.594,79.36,4.014,38.02,4.003,0.6579,0.608,,,,,,,,,,,,
cluster_brain_ooc,seurat_floor+log,1292537,True,16.53,5.135,8.25,4.118,11.02,73.215,130.25,11.107,47.03,4.648,31.74,4.515,0.6394,0.573,,,,,,,,,,,,
cluster_brain_ooc,seurat_floor+scarf,1292537,True,15.51,5.336,7.42,4.55,10.75,72.733,130.25,13.134,71.72,4.774,40.1,4.687,0.5645,0.585,7.11,4.052,,,,,,,,,,
cluster_brain_ooc,scarf+log,1292537,True,15.89,5.22,6.57,4.117,12.44,69.289,123.1,11.877,69.06,4.707,34.11,4.601,0.4767,0.5397,,,,,,,,,,,,
cluster_brain_ooc,scarf+scarf,1292537,True,16.85,5.619,7.71,4.515,12.02,70.748,133.81,13.595,40.58,5.945,34.76,4.692,0.6283,0.6228,6.72,4.249,,,,,,,,,,
cluster_fetal4m_mem,seurat+log,4000604,True,132.66,38.931,1.69,23.828,3.76,25.03,60.9,5.168,86.63,14.376,81.91,8.205,0.8441,0.8007,,,132.0,0.1951,0.5474,0.7896,14.0,93.0,0.2846,0.5775,0.7794,17.0
cluster_fetal4m_mem,seurat_floor+scarf,4000604,True,111.84,30.586,1.74,47.342,3.98,49.033,63.54,8.654,110.86,17.766,79.44,10.768,0.8699,0.8501,1.09,29.117,43.0,0.4277,0.7991,0.9278,20.0,32.0,0.5457,0.8354,0.9125,20.0
cluster_fetal4m_mem,scarf+scarf,4000604,True,107.47,41.327,1.83,46.589,4.57,47.561,59.21,9.626,138.6,17.4,76.2,11.304,0.7337,0.7442,1.17,30.858,43.0,0.373,0.7859,0.9302,21.0,30.0,0.5827,0.8348,0.91,20.0
cluster_fetal4m_ooc,seurat+log,4000604,True,170.05,3.963,4.94,3.365,13.18,26.387,119.34,6.954,104.07,13.157,87.42,7.512,0.8441,0.8007,,,132.0,0.1951,0.5474,0.7896,14.0,93.0,0.2846,0.5775,0.7794,17.0
cluster_fetal4m_ooc,seurat_floor+log,4000604,True,33.98,5.593,4.82,5.628,13.47,23.818,123.1,9.641,168.08,8.347,86.94,8.26,0.8111,0.8021,,,41.0,0.3827,0.7617,0.8952,16.0,27.0,0.4997,0.7959,0.8902,16.0
cluster_fetal4m_ooc,seurat_floor+scarf,4000604,True,33.98,5.617,4.67,5.641,13.27,23.98,133.78,9.619,183.51,9.433,74.99,8.436,0.8699,0.8501,4.51,5.609,43.0,0.4277,0.7991,0.9278,20.0,32.0,0.5457,0.8354,0.9125,20.0
cluster_fetal4m_ooc,scarf+log,4000604,True,37.86,5.511,4.88,4.893,13.53,23.208,138.0,9.904,177.49,8.433,80.13,8.339,0.7736,0.7679,,,40.0,0.3974,0.7838,0.9209,17.0,31.0,0.545,0.8344,0.9278,20.0
cluster_fetal4m_ooc,scarf+scarf,4000604,True,14.16,5.706,4.74,5.702,13.22,26.128,136.4,10.117,210.56,8.485,75.87,8.483,0.7337,0.7442,4.52,5.67,43.0,0.373,0.7859,0.9302,21.0,30.0,0.5827,0.8348,0.91,20.0
cluster_sctab10_ooc,seurat+log,2215958,True,138.44,4.309,10.75,2.997,17.01,60.383,121.59,6.209,106.21,5.305,37.53,5.102,0.8238,0.7658,,,66.0,0.5396,0.7823,0.6598,23.0,53.0,0.5571,0.796,0.6482,22.0
cluster_sctab10_ooc,seurat_floor+log,2215958,True,21.9,4.556,9.1,5.016,19.04,63.585,136.75,8.459,96.23,5.716,35.75,5.705,0.8884,0.9211,,,67.0,0.602,0.8072,0.6958,22.0,52.0,0.5674,0.8028,0.6584,20.0
cluster_sctab10_ooc,seurat_floor+scarf,2215958,True,20.03,5.911,8.78,4.938,18.57,64.445,139.88,9.56,107.2,5.773,35.12,5.745,0.7268,0.8366,7.38,4.765,68.0,0.5685,0.8017,0.6972,25.0,50.0,0.6059,0.8063,0.6612,22.0
cluster_sctab10_ooc,scarf+log,2215958,True,22.53,5.808,8.75,4.919,19.71,68.68,143.52,10.196,85.07,5.792,33.07,5.726,0.836,0.8656,,,77.0,0.5185,0.7808,0.6806,22.0,60.0,0.5056,0.7715,0.6349,22.0
cluster_sctab10_ooc,scarf+scarf,2215958,True,19.67,5.41,9.13,4.691,18.85,68.596,146.36,11.616,96.97,5.769,38.11,5.742,0.8238,0.8093,7.84,4.436,66.0,0.5844,0.8017,0.7002,22.0,53.0,0.5712,0.8038,0.6507,21.0
cluster_stab_fetal_s1,seurat+log,4000604,True,170.16,3.974,4.99,3.423,13.04,23.646,120.83,6.78,86.65,14.304,94.55,7.736,0.792,0.7761,,,132.0,0.1729,0.5371,0.7768,14.0,92.0,0.2816,0.5676,0.7717,14.0
cluster_stab_fetal_s1,seurat_floor+scarf,4000604,True,14.71,5.557,5.05,5.603,13.8,23.543,133.37,9.602,124.64,15.433,77.89,8.421,0.8728,0.8145,4.62,5.614,43.0,0.4402,0.8033,0.9379,20.0,31.0,0.5317,0.827,0.9068,18.0
cluster_stab_fetal_s2,seurat+log,4000604,True,42.8,3.948,8.68,3.408,14.4,25.663,119.49,6.809,97.53,12.71,103.38,7.694,0.7978,0.7557,,,129.0,0.1974,0.5405,0.7805,13.0,86.0,0.268,0.5669,0.7745,13.0
cluster_stab_fetal_s2,seurat_floor+scarf,4000604,True,20.21,5.534,10.42,5.615,15.43,24.976,138.86,9.578,223.86,8.337,91.52,8.395,0.7601,0.8573,7.08,5.591,41.0,0.4407,0.8069,0.9359,21.0,31.0,0.5459,0.8298,0.915,18.0
cluster_stab_sctab_s1,seurat+log,2215958,True,137.97,4.563,11.03,2.529,18.34,59.617,122.37,6.162,104.6,5.325,37.32,5.361,0.7621,0.9238,,,64.0,0.5508,0.7924,0.6653,22.0,53.0,0.5504,0.7948,0.6464,23.0
cluster_stab_sctab_s1,seurat_floor+scarf,2215958,True,21.69,5.076,8.74,4.76,19.54,59.301,140.79,9.541,112.93,5.77,41.21,5.746,0.8301,0.8297,8.23,4.744,70.0,0.6305,0.8111,0.7408,26.0,49.0,0.6271,0.8102,0.6689,22.0
cluster_stab_sctab_s2,seurat+log,2215958,True,25.51,4.136,10.54,3.009,17.14,63.612,123.03,6.202,102.37,5.395,39.79,5.393,0.772,0.7839,,,65.0,0.5664,0.7888,0.6785,23.0,50.0,0.5114,0.7847,0.6208,18.0
cluster_stab_sctab_s2,seurat_floor+scarf,2215958,True,18.85,5.426,8.74,4.954,19.69,62.063,137.24,9.535,108.09,5.735,37.67,5.602,0.8924,0.7969,7.28,4.386,67.0,0.6113,0.8079,0.7012,26.0,51.0,0.595,0.8019,0.659,21.0
laptop_fetal1m_ooc,seurat+log,984454,True,31.23,0.947,4.34,0.833,6.53,1.744,9.25,1.092,19.7,1.468,10.8,1.228,0.8025,0.825,,,64.0,0.2727,0.6055,0.8145,16.0,41.0,0.3456,0.6372,0.8156,14.0
laptop_fetal1m_ooc,seurat_floor+log,984454,True,8.87,0.88,3.84,0.98,7.31,1.702,18.65,1.311,19.7,1.279,7.96,1.324,0.8085,0.8781,,,36.0,0.4409,0.78,0.8999,18.0,24.0,0.5155,0.8004,0.8862,15.0
laptop_fetal1m_ooc,seurat_floor+scarf,984454,True,8.51,1.005,3.81,1.035,7.36,1.579,34.96,1.252,19.46,1.264,7.54,1.15,0.7959,0.847,3.99,1.287,40.0,0.4254,0.8,0.9271,20.0,29.0,0.5468,0.8333,0.9138,20.0
laptop_fetal1m_ooc,scarf+log,984454,True,9.55,1.037,4.59,1.223,8.39,1.574,20.98,0.755,21.25,1.046,7.94,1.175,0.845,0.7846,,,39.0,0.405,0.7812,0.9184,17.0,28.0,0.5241,0.8145,0.9014,17.0
laptop_fetal1m_ooc,scarf+scarf,984454,True,8.89,0.91,3.8,1.0,7.76,1.721,22.5,1.149,22.23,1.084,7.92,1.113,0.8675,0.8664,4.58,1.312,41.0,0.3714,0.7861,0.9251,18.0,29.0,0.4938,0.821,0.915,19.0
laptop_fetal4m_ooc,seurat+log,4000604,True,117.66,1.557,16.33,1.07,23.25,2.005,39.29,1.442,121.24,2.518,54.28,2.27,0.8184,0.7931,,,129.0,0.1841,0.5458,0.7949,15.0,93.0,0.2739,0.5655,0.7743,16.0
laptop_fetal4m_ooc,seurat_floor+scarf,4000604,True,41.79,1.692,16.34,1.224,28.48,1.99,71.2,1.539,144.41,2.978,45.99,2.349,0.8433,0.8107,19.31,1.31,43.0,0.4139,0.8006,0.9387,21.0,32.0,0.5584,0.8388,0.9197,20.0
laptop_fetal4m_ooc,scarf+scarf,4000604,True,40.75,2.259,16.28,1.54,27.37,1.879,74.67,1.766,113.49,3.1,42.07,2.954,0.7374,0.73,16.2,1.284,44.0,0.37,0.7879,0.9304,20.0,32.0,0.5392,0.8336,0.9157,19.0
laptop_small_neuron10k,seurat+log,11648,True,0.23,0.641,0.03,0.641,0.15,0.66,0.86,0.867,0.21,0.888,0.04,0.891,0.6565,0.7074,,,,,,,,,,,,
laptop_small_neuron10k,seurat_floor+log,11648,True,0.17,1.055,0.03,1.055,0.17,1.055,1.3,1.102,0.14,1.109,0.07,1.109,0.6485,0.6458,,,,,,,,,,,,
laptop_small_neuron10k,seurat_floor+scarf,11648,True,0.18,1.119,0.03,1.119,0.16,1.119,1.3,1.124,0.17,1.133,0.05,1.133,0.694,0.6294,0.03,1.119,,,,,,,,,,
laptop_small_neuron10k,scarf+log,11648,True,0.18,1.13,0.03,1.13,0.17,1.13,1.0,1.138,0.13,1.142,0.04,1.141,0.5561,0.6135,,,,,,,,,,,,
laptop_small_neuron10k,scarf+scarf,11648,True,0.17,1.141,0.03,1.141,0.17,1.141,1.03,1.155,0.13,1.159,0.04,1.159,0.7048,0.7327,0.03,1.141,,,,,,,,,,
laptop_small_pbmc10k,seurat+log,11537,True,0.2,0.53,0.03,0.53,0.12,0.542,0.71,0.753,0.21,0.768,0.04,0.772,0.7994,0.7997,,,,,,,,,,,,
laptop_small_pbmc10k,seurat_floor+log,11537,True,0.15,0.969,0.03,0.969,0.16,0.969,1.08,1.013,0.14,1.02,0.04,1.02,0.7516,0.8025,,,,,,,,,,,,
laptop_small_pbmc10k,seurat_floor+scarf,11537,True,0.15,1.033,0.03,1.033,0.17,1.033,1.1,1.033,0.13,1.037,0.04,1.037,0.8272,0.844,0.02,1.033,,,,,,,,,,
laptop_small_pbmc10k,scarf+log,11537,True,0.15,1.07,0.03,1.07,0.13,1.07,1.14,1.07,0.14,1.074,0.04,1.074,0.8022,0.8126,,,,,,,,,,,,
laptop_small_pbmc10k,scarf+scarf,11537,True,0.16,1.081,0.03,1.081,0.14,1.081,1.2,1.081,0.14,1.084,0.04,1.084,0.78,0.8075,0.03,1.081,,,,,,,,,,
laptop_small_pbmc20k,seurat+log,23766,True,0.34,0.586,0.06,0.586,0.26,0.586,0.79,0.47,0.31,0.491,0.09,0.498,0.821,0.7285,,,,,,,,,,,,
laptop_small_pbmc20k,seurat_floor+log,23766,True,0.32,1.047,0.06,1.047,0.3,1.047,1.35,0.702,0.23,0.714,0.1,0.718,0.7551,0.8249,,,,,,,,,,,,
laptop_small_pbmc20k,seurat_floor+scarf,23766,True,0.27,1.026,0.06,1.465,0.29,1.465,1.42,0.726,0.23,0.735,0.1,0.735,0.8633,0.8062,0.04,1.027,,,,,,,,,,
laptop_small_pbmc20k,scarf+log,23766,True,0.28,0.955,0.06,0.955,0.31,0.955,1.44,0.656,0.24,0.664,0.09,0.664,0.8139,0.845,,,,,,,,,,,,
laptop_small_pbmc20k,scarf+scarf,23766,True,0.29,1.056,0.06,1.495,0.31,1.495,1.49,0.754,0.24,0.762,0.09,0.764,0.8198,0.8809,0.05,1.074,,,,,,,,,,
laptop_small_pbmc3k,seurat+log,2700,True,0.08,0.164,0.0,0.165,0.02,0.169,0.63,0.435,0.13,0.445,0.01,0.446,0.9191,0.8942,,,9.0,0.6159,0.7899,0.9393,7.0,8.0,0.899,0.8735,0.9511,8.0
laptop_small_pbmc3k,seurat_floor+log,2700,True,0.05,0.627,0.0,0.627,0.02,0.627,0.67,0.64,0.07,0.641,0.01,0.641,0.8887,0.9178,,,9.0,0.6075,0.7784,0.9329,7.0,8.0,0.9094,0.8774,0.9545,8.0
laptop_small_pbmc3k,seurat_floor+scarf,2700,True,0.05,0.65,0.0,0.65,0.02,0.65,0.69,0.65,0.09,0.651,0.01,0.651,0.9411,0.8573,0.01,0.65,9.0,0.6415,0.8027,0.9549,7.0,7.0,0.8972,0.865,0.9083,7.0
laptop_small_pbmc3k,scarf+log,2700,True,0.05,0.667,0.0,0.667,0.02,0.667,0.74,0.672,0.09,0.673,0.01,0.673,0.9233,0.9005,,,10.0,0.562,0.7494,0.9242,7.0,8.0,0.898,0.8714,0.9507,8.0
laptop_small_pbmc3k,scarf+scarf,2700,True,0.05,0.681,0.0,0.681,0.02,0.681,0.77,0.681,0.09,0.682,0.01,0.682,0.8523,0.9024,0.01,0.681,9.0,0.6314,0.7996,0.9496,7.0,8.0,0.9164,0.889,0.9602,8.0
